"","Begin_Date","Begin_Hour","Transit"
"1",2023-06-27,0,0
"2",2023-06-27,1,0
"3",2023-06-27,2,0
"4",2023-06-27,3,0
"5",2023-06-27,4,0
"6",2023-06-27,5,0
"7",2023-06-27,6,0
"8",2023-06-27,7,0
"9",2023-06-27,8,0
"10",2023-06-27,9,0
"11",2023-06-27,10,0
"12",2023-06-27,11,0
"13",2023-06-27,12,0
"14",2023-06-27,13,0
"15",2023-06-27,14,0
"16",2023-06-27,15,0
"17",2023-06-27,16,0
"18",2023-06-27,17,0
"19",2023-06-27,18,0
"20",2023-06-27,19,0
"21",2023-06-27,20,0
"22",2023-06-27,21,0
"23",2023-06-27,22,0
"24",2023-06-27,23,0
"25",2023-06-28,0,0
"26",2023-06-28,1,0
"27",2023-06-28,2,0
"28",2023-06-28,3,0
"29",2023-06-28,4,0
"30",2023-06-28,5,0
"31",2023-06-28,6,0
"32",2023-06-28,7,0
"33",2023-06-28,8,0
"34",2023-06-28,9,0
"35",2023-06-28,10,0
"36",2023-06-28,11,0
"37",2023-06-28,12,0
"38",2023-06-28,13,0
"39",2023-06-28,14,0
"40",2023-06-28,15,0
"41",2023-06-28,16,0
"42",2023-06-28,17,0
"43",2023-06-28,18,0
"44",2023-06-28,19,0
"45",2023-06-28,20,0
"46",2023-06-28,21,0
"47",2023-06-28,22,0
"48",2023-06-28,23,0
"49",2023-06-29,0,0
"50",2023-06-29,1,0
"51",2023-06-29,2,0
"52",2023-06-29,3,0
"53",2023-06-29,4,0
"54",2023-06-29,5,0
"55",2023-06-29,6,0
"56",2023-06-29,7,0
"57",2023-06-29,8,0
"58",2023-06-29,9,0
"59",2023-06-29,10,0
"60",2023-06-29,11,0
"61",2023-06-29,12,0
"62",2023-06-29,13,0
"63",2023-06-29,14,0
"64",2023-06-29,15,0
"65",2023-06-29,16,0
"66",2023-06-29,17,0
"67",2023-06-29,18,0
"68",2023-06-29,19,0
"69",2023-06-29,20,0
"70",2023-06-29,21,0
"71",2023-06-29,22,0
"72",2023-06-29,23,0
"73",2023-06-30,0,0
"74",2023-06-30,1,0
"75",2023-06-30,2,0
"76",2023-06-30,3,0
"77",2023-06-30,4,0
"78",2023-06-30,5,0
"79",2023-06-30,6,0
"80",2023-06-30,7,0
"81",2023-06-30,8,0
"82",2023-06-30,9,0
"83",2023-06-30,10,0
"84",2023-06-30,11,0
"85",2023-06-30,12,0
"86",2023-06-30,13,0
"87",2023-06-30,14,0
"88",2023-06-30,15,0
"89",2023-06-30,16,0
"90",2023-06-30,17,0
"91",2023-06-30,18,0
"92",2023-06-30,19,0
"93",2023-06-30,20,0
"94",2023-06-30,21,0
"95",2023-06-30,22,0
"96",2023-06-30,23,0
"97",2023-07-01,0,0
"98",2023-07-01,1,0
"99",2023-07-01,2,0
"100",2023-07-01,3,0
"101",2023-07-01,4,0
"102",2023-07-01,5,0
"103",2023-07-01,6,0
"104",2023-07-01,7,0
"105",2023-07-01,8,0
"106",2023-07-01,9,0
"107",2023-07-01,10,0
"108",2023-07-01,11,0
"109",2023-07-01,12,0
"110",2023-07-01,13,0
"111",2023-07-01,14,0
"112",2023-07-01,15,0
"113",2023-07-01,16,0
"114",2023-07-01,17,0
"115",2023-07-01,18,0
"116",2023-07-01,19,0
"117",2023-07-01,20,0
"118",2023-07-01,21,0
"119",2023-07-01,22,0
"120",2023-07-01,23,0
"121",2023-07-02,0,0
"122",2023-07-02,1,0
"123",2023-07-02,2,0
"124",2023-07-02,3,0
"125",2023-07-02,4,0
"126",2023-07-02,5,0
"127",2023-07-02,6,0
"128",2023-07-02,7,0
"129",2023-07-02,8,0
"130",2023-07-02,9,0
"131",2023-07-02,10,0
"132",2023-07-02,11,0
"133",2023-07-02,12,0
"134",2023-07-02,13,0
"135",2023-07-02,14,0
"136",2023-07-02,15,0
"137",2023-07-02,16,0
"138",2023-07-02,17,0
"139",2023-07-02,18,0
"140",2023-07-02,19,0
"141",2023-07-02,20,0
"142",2023-07-02,21,0
"143",2023-07-02,22,0
"144",2023-07-02,23,0
"145",2023-07-03,0,0
"146",2023-07-03,1,0
"147",2023-07-03,2,0
"148",2023-07-03,3,0
"149",2023-07-03,4,0
"150",2023-07-03,5,0
"151",2023-07-03,6,0
"152",2023-07-03,7,0
"153",2023-07-03,8,0
"154",2023-07-03,9,0
"155",2023-07-03,10,0
"156",2023-07-03,11,0
"157",2023-07-03,12,0
"158",2023-07-03,13,0
"159",2023-07-03,14,0
"160",2023-07-03,15,0
"161",2023-07-03,16,0
"162",2023-07-03,17,0
"163",2023-07-03,18,0
"164",2023-07-03,19,0
"165",2023-07-03,20,0
"166",2023-07-03,21,0
"167",2023-07-03,22,0
"168",2023-07-03,23,0
"169",2023-07-04,0,0
"170",2023-07-04,1,0
"171",2023-07-04,2,0
"172",2023-07-04,3,0
"173",2023-07-04,4,0
"174",2023-07-04,5,0
"175",2023-07-04,6,0
"176",2023-07-04,7,0
"177",2023-07-04,8,0
"178",2023-07-04,9,0
"179",2023-07-04,10,0
"180",2023-07-04,11,0
"181",2023-07-04,12,0
"182",2023-07-04,13,0
"183",2023-07-04,14,0
"184",2023-07-04,15,0
"185",2023-07-04,16,0
"186",2023-07-04,17,0
"187",2023-07-04,18,0
"188",2023-07-04,19,0
"189",2023-07-04,20,0
"190",2023-07-04,21,0
"191",2023-07-04,22,0
"192",2023-07-04,23,0
"193",2023-07-05,0,0
"194",2023-07-05,1,0
"195",2023-07-05,2,0
"196",2023-07-05,3,0
"197",2023-07-05,4,0
"198",2023-07-05,5,0
"199",2023-07-05,6,0
"200",2023-07-05,7,0
"201",2023-07-05,8,0
"202",2023-07-05,9,0
"203",2023-07-05,10,0
"204",2023-07-05,11,0
"205",2023-07-05,12,0
"206",2023-07-05,13,0
"207",2023-07-05,14,0
"208",2023-07-05,15,0
"209",2023-07-05,16,0
"210",2023-07-05,17,0
"211",2023-07-05,18,0
"212",2023-07-05,19,0
"213",2023-07-05,20,0
"214",2023-07-05,21,0
"215",2023-07-05,22,0
"216",2023-07-05,23,0
"217",2023-07-06,0,0
"218",2023-07-06,1,0
"219",2023-07-06,2,0
"220",2023-07-06,3,0
"221",2023-07-06,4,0
"222",2023-07-06,5,0
"223",2023-07-06,6,0
"224",2023-07-06,7,0
"225",2023-07-06,8,0
"226",2023-07-06,9,0
"227",2023-07-06,10,0
"228",2023-07-06,11,0
"229",2023-07-06,12,0
"230",2023-07-06,13,0
"231",2023-07-06,14,0
"232",2023-07-06,15,0
"233",2023-07-06,16,0
"234",2023-07-06,17,0
"235",2023-07-06,18,0
"236",2023-07-06,19,0
"237",2023-07-06,20,0
"238",2023-07-06,21,0
"239",2023-07-06,22,0
"240",2023-07-06,23,0
"241",2023-07-07,0,0
"242",2023-07-07,1,0
"243",2023-07-07,2,0
"244",2023-07-07,3,0
"245",2023-07-07,4,0
"246",2023-07-07,5,0
"247",2023-07-07,6,0
"248",2023-07-07,7,0
"249",2023-07-07,8,0
"250",2023-07-07,9,0
"251",2023-07-07,10,0
"252",2023-07-07,11,0
"253",2023-07-07,12,0
"254",2023-07-07,13,0
"255",2023-07-07,14,0
"256",2023-07-07,15,0
"257",2023-07-07,16,0
"258",2023-07-07,17,0
"259",2023-07-07,18,0
"260",2023-07-07,19,0
"261",2023-07-07,20,0
"262",2023-07-07,21,0
"263",2023-07-07,22,0
"264",2023-07-07,23,0
"265",2023-07-08,0,0
"266",2023-07-08,1,0
"267",2023-07-08,2,0
"268",2023-07-08,3,0
"269",2023-07-08,4,0
"270",2023-07-08,5,0
"271",2023-07-08,6,0
"272",2023-07-08,7,0
"273",2023-07-08,8,0
"274",2023-07-08,9,0
"275",2023-07-08,10,0
"276",2023-07-08,11,0
"277",2023-07-08,12,0
"278",2023-07-08,13,0
"279",2023-07-08,14,0
"280",2023-07-08,15,0
"281",2023-07-08,16,0
"282",2023-07-08,17,0
"283",2023-07-08,18,0
"284",2023-07-08,19,0
"285",2023-07-08,20,0
"286",2023-07-08,21,0
"287",2023-07-08,22,0
"288",2023-07-08,23,0
"289",2023-07-09,0,0
"290",2023-07-09,1,0
"291",2023-07-09,2,0
"292",2023-07-09,3,0
"293",2023-07-09,4,0
"294",2023-07-09,5,0
"295",2023-07-09,6,0
"296",2023-07-09,7,0
"297",2023-07-09,8,0
"298",2023-07-09,9,0
"299",2023-07-09,10,0
"300",2023-07-09,11,0
"301",2023-07-09,12,0
"302",2023-07-09,13,0
"303",2023-07-09,14,0
"304",2023-07-09,15,0
"305",2023-07-09,16,0
"306",2023-07-09,17,0
"307",2023-07-09,18,0
"308",2023-07-09,19,0
"309",2023-07-09,20,0
"310",2023-07-09,21,0
"311",2023-07-09,22,0
"312",2023-07-09,23,0
"313",2023-07-10,0,0
"314",2023-07-10,1,0
"315",2023-07-10,2,0
"316",2023-07-10,3,0
"317",2023-07-10,4,0
"318",2023-07-10,5,0
"319",2023-07-10,6,0
"320",2023-07-10,7,0
"321",2023-07-10,8,0
"322",2023-07-10,9,0
"323",2023-07-10,10,0
"324",2023-07-10,11,0
"325",2023-07-10,12,0
"326",2023-07-10,13,0
"327",2023-07-10,14,0
"328",2023-07-10,15,0
"329",2023-07-10,16,0
"330",2023-07-10,17,0
"331",2023-07-10,18,0
"332",2023-07-10,19,0
"333",2023-07-10,20,0
"334",2023-07-10,21,0
"335",2023-07-10,22,0
"336",2023-07-10,23,0
"337",2023-07-11,0,0
"338",2023-07-11,1,0
"339",2023-07-11,2,0
"340",2023-07-11,3,0
"341",2023-07-11,4,1
"342",2023-07-11,5,0
"343",2023-07-11,6,0
"344",2023-07-11,7,1
"345",2023-07-11,8,0
"346",2023-07-11,9,0
"347",2023-07-11,10,0
"348",2023-07-11,11,0
"349",2023-07-11,12,0
"350",2023-07-11,13,0
"351",2023-07-11,14,0
"352",2023-07-11,15,0
"353",2023-07-11,16,0
"354",2023-07-11,17,0
"355",2023-07-11,18,0
"356",2023-07-11,19,0
"357",2023-07-11,20,0
"358",2023-07-11,21,0
"359",2023-07-11,22,0
"360",2023-07-11,23,0
"361",2023-07-12,0,0
"362",2023-07-12,1,0
"363",2023-07-12,2,0
"364",2023-07-12,3,0
"365",2023-07-12,4,0
"366",2023-07-12,5,0
"367",2023-07-12,6,0
"368",2023-07-12,7,0
"369",2023-07-12,8,0
"370",2023-07-12,9,0
"371",2023-07-12,10,0
"372",2023-07-12,11,0
"373",2023-07-12,12,0
"374",2023-07-12,13,0
"375",2023-07-12,14,0
"376",2023-07-12,15,0
"377",2023-07-12,16,0
"378",2023-07-12,17,0
"379",2023-07-12,18,0
"380",2023-07-12,19,0
"381",2023-07-12,20,0
"382",2023-07-12,21,0
"383",2023-07-12,22,0
"384",2023-07-12,23,0
"385",2023-07-13,0,0
"386",2023-07-13,1,0
"387",2023-07-13,2,0
"388",2023-07-13,3,1
"389",2023-07-13,4,0
"390",2023-07-13,5,0
"391",2023-07-13,6,0
"392",2023-07-13,7,0
"393",2023-07-13,8,0
"394",2023-07-13,9,0
"395",2023-07-13,10,0
"396",2023-07-13,11,0
"397",2023-07-13,12,0
"398",2023-07-13,13,0
"399",2023-07-13,14,0
"400",2023-07-13,15,0
"401",2023-07-13,16,0
"402",2023-07-13,17,0
"403",2023-07-13,18,0
"404",2023-07-13,19,0
"405",2023-07-13,20,0
"406",2023-07-13,21,0
"407",2023-07-13,22,0
"408",2023-07-13,23,0
"409",2023-07-14,0,0
"410",2023-07-14,1,0
"411",2023-07-14,2,0
"412",2023-07-14,3,0
"413",2023-07-14,4,0
"414",2023-07-14,5,0
"415",2023-07-14,6,0
"416",2023-07-14,7,0
"417",2023-07-14,8,0
"418",2023-07-14,9,0
"419",2023-07-14,10,0
"420",2023-07-14,11,0
"421",2023-07-14,12,0
"422",2023-07-14,13,0
"423",2023-07-14,14,0
"424",2023-07-14,15,0
"425",2023-07-14,16,0
"426",2023-07-14,17,0
"427",2023-07-14,18,0
"428",2023-07-14,19,0
"429",2023-07-14,20,0
"430",2023-07-14,21,0
"431",2023-07-14,22,0
"432",2023-07-14,23,0
"433",2023-07-15,0,0
"434",2023-07-15,1,0
"435",2023-07-15,2,0
"436",2023-07-15,3,0
"437",2023-07-15,4,0
"438",2023-07-15,5,0
"439",2023-07-15,6,0
"440",2023-07-15,7,0
"441",2023-07-15,8,0
"442",2023-07-15,9,0
"443",2023-07-15,10,0
"444",2023-07-15,11,0
"445",2023-07-15,12,0
"446",2023-07-15,13,0
"447",2023-07-15,14,0
"448",2023-07-15,15,0
"449",2023-07-15,16,0
"450",2023-07-15,17,0
"451",2023-07-15,18,0
"452",2023-07-15,19,0
"453",2023-07-15,20,0
"454",2023-07-15,21,0
"455",2023-07-15,22,0
"456",2023-07-15,23,0
"457",2023-07-16,0,0
"458",2023-07-16,1,0
"459",2023-07-16,2,0
"460",2023-07-16,3,0
"461",2023-07-16,4,0
"462",2023-07-16,5,0
"463",2023-07-16,6,0
"464",2023-07-16,7,0
"465",2023-07-16,8,0
"466",2023-07-16,9,0
"467",2023-07-16,10,1
"468",2023-07-16,11,0
"469",2023-07-16,12,0
"470",2023-07-16,13,0
"471",2023-07-16,14,0
"472",2023-07-16,15,0
"473",2023-07-16,16,0
"474",2023-07-16,17,0
"475",2023-07-16,18,0
"476",2023-07-16,19,0
"477",2023-07-16,20,0
"478",2023-07-16,21,0
"479",2023-07-16,22,0
"480",2023-07-16,23,0
"481",2023-07-17,0,0
"482",2023-07-17,1,0
"483",2023-07-17,2,0
"484",2023-07-17,3,0
"485",2023-07-17,4,0
"486",2023-07-17,5,0
"487",2023-07-17,6,0
"488",2023-07-17,7,0
"489",2023-07-17,8,0
"490",2023-07-17,9,0
"491",2023-07-17,10,0
"492",2023-07-17,11,0
"493",2023-07-17,12,0
"494",2023-07-17,13,0
"495",2023-07-17,14,0
"496",2023-07-17,15,0
"497",2023-07-17,16,0
"498",2023-07-17,17,0
"499",2023-07-17,18,0
"500",2023-07-17,19,0
"501",2023-07-17,20,0
"502",2023-07-17,21,0
"503",2023-07-17,22,0
"504",2023-07-17,23,0
"505",2023-07-18,0,0
"506",2023-07-18,1,0
"507",2023-07-18,2,0
"508",2023-07-18,3,0
"509",2023-07-18,4,0
"510",2023-07-18,5,0
"511",2023-07-18,6,0
"512",2023-07-18,7,0
"513",2023-07-18,8,0
"514",2023-07-18,9,0
"515",2023-07-18,10,0
"516",2023-07-18,11,0
"517",2023-07-18,12,0
"518",2023-07-18,13,0
"519",2023-07-18,14,0
"520",2023-07-18,15,0
"521",2023-07-18,16,0
"522",2023-07-18,17,0
"523",2023-07-18,18,0
"524",2023-07-18,19,0
"525",2023-07-18,20,0
"526",2023-07-18,21,0
"527",2023-07-18,22,0
"528",2023-07-18,23,0
"529",2023-07-19,0,0
"530",2023-07-19,1,0
"531",2023-07-19,2,0
"532",2023-07-19,3,0
"533",2023-07-19,4,0
"534",2023-07-19,5,0
"535",2023-07-19,6,0
"536",2023-07-19,7,0
"537",2023-07-19,8,0
"538",2023-07-19,9,0
"539",2023-07-19,10,0
"540",2023-07-19,11,0
"541",2023-07-19,12,0
"542",2023-07-19,13,0
"543",2023-07-19,14,0
"544",2023-07-19,15,0
"545",2023-07-19,16,0
"546",2023-07-19,17,0
"547",2023-07-19,18,0
"548",2023-07-19,19,0
"549",2023-07-19,20,0
"550",2023-07-19,21,0
"551",2023-07-19,22,0
"552",2023-07-19,23,0
"553",2023-07-20,0,0
"554",2023-07-20,1,0
"555",2023-07-20,2,0
"556",2023-07-20,3,0
"557",2023-07-20,4,0
"558",2023-07-20,5,0
"559",2023-07-20,6,0
"560",2023-07-20,7,0
"561",2023-07-20,8,0
"562",2023-07-20,9,0
"563",2023-07-20,10,0
"564",2023-07-20,11,0
"565",2023-07-20,12,0
"566",2023-07-20,13,0
"567",2023-07-20,14,0
"568",2023-07-20,15,0
"569",2023-07-20,16,0
"570",2023-07-20,17,0
"571",2023-07-20,18,0
"572",2023-07-20,19,0
"573",2023-07-20,20,0
"574",2023-07-20,21,0
"575",2023-07-20,22,0
"576",2023-07-20,23,0
"577",2023-07-21,0,0
"578",2023-07-21,1,0
"579",2023-07-21,2,0
"580",2023-07-21,3,0
"581",2023-07-21,4,0
"582",2023-07-21,5,0
"583",2023-07-21,6,0
"584",2023-07-21,7,0
"585",2023-07-21,8,0
"586",2023-07-21,9,0
"587",2023-07-21,10,0
"588",2023-07-21,11,0
"589",2023-07-21,12,0
"590",2023-07-21,13,0
"591",2023-07-21,14,0
"592",2023-07-21,15,0
"593",2023-07-21,16,0
"594",2023-07-21,17,0
"595",2023-07-21,18,0
"596",2023-07-21,19,0
"597",2023-07-21,20,0
"598",2023-07-21,21,0
"599",2023-07-21,22,0
"600",2023-07-21,23,0
"601",2023-07-22,0,0
"602",2023-07-22,1,0
"603",2023-07-22,2,0
"604",2023-07-22,3,0
"605",2023-07-22,4,0
"606",2023-07-22,5,0
"607",2023-07-22,6,0
"608",2023-07-22,7,0
"609",2023-07-22,8,0
"610",2023-07-22,9,0
"611",2023-07-22,10,0
"612",2023-07-22,11,0
"613",2023-07-22,12,0
"614",2023-07-22,13,0
"615",2023-07-22,14,0
"616",2023-07-22,15,0
"617",2023-07-22,16,0
"618",2023-07-22,17,0
"619",2023-07-22,18,0
"620",2023-07-22,19,0
"621",2023-07-22,20,0
"622",2023-07-22,21,0
"623",2023-07-22,22,0
"624",2023-07-22,23,0
"625",2023-07-23,0,0
"626",2023-07-23,1,0
"627",2023-07-23,2,0
"628",2023-07-23,3,0
"629",2023-07-23,4,0
"630",2023-07-23,5,0
"631",2023-07-23,6,0
"632",2023-07-23,7,0
"633",2023-07-23,8,0
"634",2023-07-23,9,0
"635",2023-07-23,10,0
"636",2023-07-23,11,0
"637",2023-07-23,12,0
"638",2023-07-23,13,0
"639",2023-07-23,14,0
"640",2023-07-23,15,0
"641",2023-07-23,16,0
"642",2023-07-23,17,0
"643",2023-07-23,18,0
"644",2023-07-23,19,0
"645",2023-07-23,20,0
"646",2023-07-23,21,0
"647",2023-07-23,22,0
"648",2023-07-23,23,0
"649",2023-07-24,0,0
"650",2023-07-24,1,0
"651",2023-07-24,2,0
"652",2023-07-24,3,0
"653",2023-07-24,4,0
"654",2023-07-24,5,0
"655",2023-07-24,6,0
"656",2023-07-24,7,0
"657",2023-07-24,8,0
"658",2023-07-24,9,0
"659",2023-07-24,10,0
"660",2023-07-24,11,0
"661",2023-07-24,12,0
"662",2023-07-24,13,0
"663",2023-07-24,14,0
"664",2023-07-24,15,0
"665",2023-07-24,16,0
"666",2023-07-24,17,0
"667",2023-07-24,18,0
"668",2023-07-24,19,0
"669",2023-07-24,20,0
"670",2023-07-24,21,0
"671",2023-07-24,22,0
"672",2023-07-24,23,0
"673",2023-07-25,0,0
"674",2023-07-25,1,0
"675",2023-07-25,2,0
"676",2023-07-25,3,0
"677",2023-07-25,4,0
"678",2023-07-25,5,0
"679",2023-07-25,6,0
"680",2023-07-25,7,0
"681",2023-07-25,8,0
"682",2023-07-25,9,0
"683",2023-07-25,10,0
"684",2023-07-25,11,0
"685",2023-07-25,12,0
"686",2023-07-25,13,0
"687",2023-07-25,14,0
"688",2023-07-25,15,0
"689",2023-07-25,16,0
"690",2023-07-25,17,0
"691",2023-07-25,18,0
"692",2023-07-25,19,0
"693",2023-07-25,20,0
"694",2023-07-25,21,0
"695",2023-07-25,22,0
"696",2023-07-25,23,0
"697",2023-07-26,0,0
"698",2023-07-26,1,0
"699",2023-07-26,2,0
"700",2023-07-26,3,0
"701",2023-07-26,4,0
"702",2023-07-26,5,0
"703",2023-07-26,6,0
"704",2023-07-26,7,0
"705",2023-07-26,8,0
"706",2023-07-26,9,0
"707",2023-07-26,10,0
"708",2023-07-26,11,0
"709",2023-07-26,12,0
"710",2023-07-26,13,0
"711",2023-07-26,14,0
"712",2023-07-26,15,0
"713",2023-07-26,16,0
"714",2023-07-26,17,0
"715",2023-07-26,18,0
"716",2023-07-26,19,0
"717",2023-07-26,20,0
"718",2023-07-26,21,0
"719",2023-07-26,22,0
"720",2023-07-26,23,0
"721",2023-07-27,0,0
"722",2023-07-27,1,0
"723",2023-07-27,2,0
"724",2023-07-27,3,0
"725",2023-07-27,4,0
"726",2023-07-27,5,0
"727",2023-07-27,6,0
"728",2023-07-27,7,0
"729",2023-07-27,8,0
"730",2023-07-27,9,0
"731",2023-07-27,10,0
"732",2023-07-27,11,0
"733",2023-07-27,12,0
"734",2023-07-27,13,0
"735",2023-07-27,14,0
"736",2023-07-27,15,0
"737",2023-07-27,16,0
"738",2023-07-27,17,0
"739",2023-07-27,18,0
"740",2023-07-27,19,0
"741",2023-07-27,20,0
"742",2023-07-27,21,0
"743",2023-07-27,22,0
"744",2023-07-27,23,0
"745",2023-07-28,0,0
"746",2023-07-28,1,0
"747",2023-07-28,2,0
"748",2023-07-28,3,0
"749",2023-07-28,4,0
"750",2023-07-28,5,0
"751",2023-07-28,6,0
"752",2023-07-28,7,0
"753",2023-07-28,8,0
"754",2023-07-28,9,0
"755",2023-07-28,10,0
"756",2023-07-28,11,0
"757",2023-07-28,12,0
"758",2023-07-28,13,0
"759",2023-07-28,14,0
"760",2023-07-28,15,0
"761",2023-07-28,16,0
"762",2023-07-28,17,0
"763",2023-07-28,18,0
"764",2023-07-28,19,0
"765",2023-07-28,20,0
"766",2023-07-28,21,0
"767",2023-07-28,22,0
"768",2023-07-28,23,0
"769",2023-07-29,0,0
"770",2023-07-29,1,0
"771",2023-07-29,2,0
"772",2023-07-29,3,0
"773",2023-07-29,4,0
"774",2023-07-29,5,0
"775",2023-07-29,6,0
"776",2023-07-29,7,0
"777",2023-07-29,8,0
"778",2023-07-29,9,0
"779",2023-07-29,10,0
"780",2023-07-29,11,0
"781",2023-07-29,12,0
"782",2023-07-29,13,0
"783",2023-07-29,14,0
"784",2023-07-29,15,0
"785",2023-07-29,16,0
"786",2023-07-29,17,0
"787",2023-07-29,18,0
"788",2023-07-29,19,0
"789",2023-07-29,20,0
"790",2023-07-29,21,0
"791",2023-07-29,22,0
"792",2023-07-29,23,0
"793",2023-07-30,0,0
"794",2023-07-30,1,0
"795",2023-07-30,2,0
"796",2023-07-30,3,0
"797",2023-07-30,4,0
"798",2023-07-30,5,0
"799",2023-07-30,6,0
"800",2023-07-30,7,0
"801",2023-07-30,8,0
"802",2023-07-30,9,0
"803",2023-07-30,10,0
"804",2023-07-30,11,0
"805",2023-07-30,12,0
"806",2023-07-30,13,0
"807",2023-07-30,14,0
"808",2023-07-30,15,0
"809",2023-07-30,16,0
"810",2023-07-30,17,0
"811",2023-07-30,18,0
"812",2023-07-30,19,0
"813",2023-07-30,20,0
"814",2023-07-30,21,0
"815",2023-07-30,22,0
"816",2023-07-30,23,0
"817",2023-07-31,0,0
"818",2023-07-31,1,0
"819",2023-07-31,2,0
"820",2023-07-31,3,0
"821",2023-07-31,4,0
"822",2023-07-31,5,0
"823",2023-07-31,6,0
"824",2023-07-31,7,0
"825",2023-07-31,8,0
"826",2023-07-31,9,0
"827",2023-07-31,10,0
"828",2023-07-31,11,0
"829",2023-07-31,12,0
"830",2023-07-31,13,0
"831",2023-07-31,14,0
"832",2023-07-31,15,0
"833",2023-07-31,16,0
"834",2023-07-31,17,0
"835",2023-07-31,18,0
"836",2023-07-31,19,0
"837",2023-07-31,20,0
"838",2023-07-31,21,0
"839",2023-07-31,22,0
"840",2023-07-31,23,0
"841",2023-08-01,0,0
"842",2023-08-01,1,0
"843",2023-08-01,2,0
"844",2023-08-01,3,0
"845",2023-08-01,4,0
"846",2023-08-01,5,0
"847",2023-08-01,6,0
"848",2023-08-01,7,0
"849",2023-08-01,8,0
"850",2023-08-01,9,0
"851",2023-08-01,10,0
"852",2023-08-01,11,0
"853",2023-08-01,12,0
"854",2023-08-01,13,0
"855",2023-08-01,14,0
"856",2023-08-01,15,0
"857",2023-08-01,16,0
"858",2023-08-01,17,0
"859",2023-08-01,18,0
"860",2023-08-01,19,0
"861",2023-08-01,20,0
"862",2023-08-01,21,0
"863",2023-08-01,22,0
"864",2023-08-01,23,0
"865",2023-08-02,0,0
"866",2023-08-02,1,0
"867",2023-08-02,2,0
"868",2023-08-02,3,0
"869",2023-08-02,4,0
"870",2023-08-02,5,0
"871",2023-08-02,6,0
"872",2023-08-02,7,0
"873",2023-08-02,8,0
"874",2023-08-02,9,0
"875",2023-08-02,10,0
"876",2023-08-02,11,0
"877",2023-08-02,12,0
"878",2023-08-02,13,0
"879",2023-08-02,14,0
"880",2023-08-02,15,0
"881",2023-08-02,16,0
"882",2023-08-02,17,0
"883",2023-08-02,18,0
"884",2023-08-02,19,0
"885",2023-08-02,20,0
"886",2023-08-02,21,0
"887",2023-08-02,22,0
"888",2023-08-02,23,0
"889",2023-08-03,0,0
"890",2023-08-03,1,0
"891",2023-08-03,2,0
"892",2023-08-03,3,0
"893",2023-08-03,4,0
"894",2023-08-03,5,0
"895",2023-08-03,6,0
"896",2023-08-03,7,0
"897",2023-08-03,8,0
"898",2023-08-03,9,0
"899",2023-08-03,10,0
"900",2023-08-03,11,0
"901",2023-08-03,12,0
"902",2023-08-03,13,0
"903",2023-08-03,14,0
"904",2023-08-03,15,0
"905",2023-08-03,16,0
"906",2023-08-03,17,0
"907",2023-08-03,18,0
"908",2023-08-03,19,0
"909",2023-08-03,20,0
"910",2023-08-03,21,0
"911",2023-08-03,22,0
"912",2023-08-03,23,0
"913",2023-08-04,0,0
"914",2023-08-04,1,0
"915",2023-08-04,2,0
"916",2023-08-04,3,0
"917",2023-08-04,4,0
"918",2023-08-04,5,0
"919",2023-08-04,6,0
"920",2023-08-04,7,0
"921",2023-08-04,8,0
"922",2023-08-04,9,0
"923",2023-08-04,10,0
"924",2023-08-04,11,0
"925",2023-08-04,12,0
"926",2023-08-04,13,0
"927",2023-08-04,14,0
"928",2023-08-04,15,0
"929",2023-08-04,16,0
"930",2023-08-04,17,0
"931",2023-08-04,18,0
"932",2023-08-04,19,0
"933",2023-08-04,20,0
"934",2023-08-04,21,0
"935",2023-08-04,22,0
"936",2023-08-04,23,0
"937",2023-08-05,0,0
"938",2023-08-05,1,0
"939",2023-08-05,2,0
"940",2023-08-05,3,0
"941",2023-08-05,4,0
"942",2023-08-05,5,0
"943",2023-08-05,6,0
"944",2023-08-05,7,0
"945",2023-08-05,8,0
"946",2023-08-05,9,0
"947",2023-08-05,10,0
"948",2023-08-05,11,0
"949",2023-08-05,12,0
"950",2023-08-05,13,0
"951",2023-08-05,14,0
"952",2023-08-05,15,0
"953",2023-08-05,16,0
"954",2023-08-05,17,0
"955",2023-08-05,18,0
"956",2023-08-05,19,0
"957",2023-08-05,20,0
"958",2023-08-05,21,0
"959",2023-08-05,22,0
"960",2023-08-05,23,0
"961",2023-08-06,0,0
"962",2023-08-06,1,0
"963",2023-08-06,2,0
"964",2023-08-06,3,0
"965",2023-08-06,4,0
"966",2023-08-06,5,0
"967",2023-08-06,6,0
"968",2023-08-06,7,0
"969",2023-08-06,8,0
"970",2023-08-06,9,0
"971",2023-08-06,10,0
"972",2023-08-06,11,0
"973",2023-08-06,12,0
"974",2023-08-06,13,0
"975",2023-08-06,14,0
"976",2023-08-06,15,0
"977",2023-08-06,16,0
"978",2023-08-06,17,0
"979",2023-08-06,18,0
"980",2023-08-06,19,0
"981",2023-08-06,20,0
"982",2023-08-06,21,0
"983",2023-08-06,22,0
"984",2023-08-06,23,0
"985",2023-08-07,0,0
"986",2023-08-07,1,0
"987",2023-08-07,2,0
"988",2023-08-07,3,0
"989",2023-08-07,4,0
"990",2023-08-07,5,0
"991",2023-08-07,6,0
"992",2023-08-07,7,0
"993",2023-08-07,8,0
"994",2023-08-07,9,0
"995",2023-08-07,10,0
"996",2023-08-07,11,0
"997",2023-08-07,12,0
"998",2023-08-07,13,0
"999",2023-08-07,14,0
"1000",2023-08-07,15,0
"1001",2023-08-07,16,0
"1002",2023-08-07,17,0
"1003",2023-08-07,18,0
"1004",2023-08-07,19,0
"1005",2023-08-07,20,0
"1006",2023-08-07,21,0
"1007",2023-08-07,22,0
"1008",2023-08-07,23,0
"1009",2023-08-08,0,0
"1010",2023-08-08,1,0
"1011",2023-08-08,2,0
"1012",2023-08-08,3,0
"1013",2023-08-08,4,0
"1014",2023-08-08,5,0
"1015",2023-08-08,6,0
"1016",2023-08-08,7,0
"1017",2023-08-08,8,0
"1018",2023-08-08,9,0
"1019",2023-08-08,10,0
"1020",2023-08-08,11,0
"1021",2023-08-08,12,0
"1022",2023-08-08,13,0
"1023",2023-08-08,14,0
"1024",2023-08-08,15,0
"1025",2023-08-08,16,0
"1026",2023-08-08,17,0
"1027",2023-08-08,18,0
"1028",2023-08-08,19,0
"1029",2023-08-08,20,0
"1030",2023-08-08,21,0
"1031",2023-08-08,22,0
"1032",2023-08-08,23,0
"1033",2023-08-09,0,0
"1034",2023-08-09,1,0
"1035",2023-08-09,2,0
"1036",2023-08-09,3,0
"1037",2023-08-09,4,0
"1038",2023-08-09,5,0
"1039",2023-08-09,6,0
"1040",2023-08-09,7,0
"1041",2023-08-09,8,0
"1042",2023-08-09,9,0
"1043",2023-08-09,10,0
"1044",2023-08-09,11,0
"1045",2023-08-09,12,0
"1046",2023-08-09,13,0
"1047",2023-08-09,14,0
"1048",2023-08-09,15,0
"1049",2023-08-09,16,0
"1050",2023-08-09,17,0
"1051",2023-08-09,18,0
"1052",2023-08-09,19,0
"1053",2023-08-09,20,0
"1054",2023-08-09,21,0
"1055",2023-08-09,22,0
"1056",2023-08-09,23,0
"1057",2023-08-10,0,0
"1058",2023-08-10,1,0
"1059",2023-08-10,2,0
"1060",2023-08-10,3,0
"1061",2023-08-10,4,0
"1062",2023-08-10,5,0
"1063",2023-08-10,6,0
"1064",2023-08-10,7,0
"1065",2023-08-10,8,0
"1066",2023-08-10,9,0
"1067",2023-08-10,10,0
"1068",2023-08-10,11,0
"1069",2023-08-10,12,0
"1070",2023-08-10,13,0
"1071",2023-08-10,14,0
"1072",2023-08-10,15,0
"1073",2023-08-10,16,0
"1074",2023-08-10,17,0
"1075",2023-08-10,18,0
"1076",2023-08-10,19,0
"1077",2023-08-10,20,0
"1078",2023-08-10,21,0
"1079",2023-08-10,22,0
"1080",2023-08-10,23,0
"1081",2023-08-11,0,0
"1082",2023-08-11,1,0
"1083",2023-08-11,2,0
"1084",2023-08-11,3,0
"1085",2023-08-11,4,0
"1086",2023-08-11,5,0
"1087",2023-08-11,6,0
"1088",2023-08-11,7,0
"1089",2023-08-11,8,1
"1090",2023-08-11,9,0
"1091",2023-08-11,10,0
"1092",2023-08-11,11,0
"1093",2023-08-11,12,0
"1094",2023-08-11,13,0
"1095",2023-08-11,14,0
"1096",2023-08-11,15,0
"1097",2023-08-11,16,0
"1098",2023-08-11,17,0
"1099",2023-08-11,18,0
"1100",2023-08-11,19,0
"1101",2023-08-11,20,0
"1102",2023-08-11,21,0
"1103",2023-08-11,22,0
"1104",2023-08-11,23,0
