"","Begin_Date","Begin_Hour","Maneuver","Transit"
"1",2023-06-27,0,0,0
"2",2023-06-27,1,0,0
"3",2023-06-27,2,0,0
"4",2023-06-27,3,0,0
"5",2023-06-27,4,0,0
"6",2023-06-27,5,0,0
"7",2023-06-27,6,0,0
"8",2023-06-27,7,0,0
"9",2023-06-27,8,0,0
"10",2023-06-27,9,0,0
"11",2023-06-27,10,0,0
"12",2023-06-27,11,0,0
"13",2023-06-27,12,0,0
"14",2023-06-27,13,0,0
"15",2023-06-27,14,0,0
"16",2023-06-27,15,0,0
"17",2023-06-27,16,0,0
"18",2023-06-27,17,0,0
"19",2023-06-27,18,0,0
"20",2023-06-27,19,0,0
"21",2023-06-27,20,0,0
"22",2023-06-27,21,0,0
"23",2023-06-27,22,0,0
"24",2023-06-27,23,0,0
"25",2023-06-28,0,0,1
"26",2023-06-28,1,0,0
"27",2023-06-28,2,0,0
"28",2023-06-28,3,0,0
"29",2023-06-28,4,0,0
"30",2023-06-28,5,0,0
"31",2023-06-28,6,0,0
"32",2023-06-28,7,0,0
"33",2023-06-28,8,0,0
"34",2023-06-28,9,0,0
"35",2023-06-28,10,0,0
"36",2023-06-28,11,0,0
"37",2023-06-28,12,0,0
"38",2023-06-28,13,0,0
"39",2023-06-28,14,0,0
"40",2023-06-28,15,0,0
"41",2023-06-28,16,0,0
"42",2023-06-28,17,0,0
"43",2023-06-28,18,0,0
"44",2023-06-28,19,0,0
"45",2023-06-28,20,0,0
"46",2023-06-28,21,0,0
"47",2023-06-28,22,0,0
"48",2023-06-28,23,0,0
"49",2023-06-29,0,0,0
"50",2023-06-29,1,0,0
"51",2023-06-29,2,0,0
"52",2023-06-29,3,0,0
"53",2023-06-29,4,0,0
"54",2023-06-29,5,0,0
"55",2023-06-29,6,0,0
"56",2023-06-29,7,0,0
"57",2023-06-29,8,0,0
"58",2023-06-29,9,0,0
"59",2023-06-29,10,0,0
"60",2023-06-29,11,0,0
"61",2023-06-29,12,0,0
"62",2023-06-29,13,0,0
"63",2023-06-29,14,0,0
"64",2023-06-29,15,0,0
"65",2023-06-29,16,0,0
"66",2023-06-29,17,0,0
"67",2023-06-29,18,0,0
"68",2023-06-29,19,0,0
"69",2023-06-29,20,0,0
"70",2023-06-29,21,0,0
"71",2023-06-29,22,0,0
"72",2023-06-29,23,0,0
"73",2023-06-30,0,0,0
"74",2023-06-30,1,0,0
"75",2023-06-30,2,0,0
"76",2023-06-30,3,0,0
"77",2023-06-30,4,0,0
"78",2023-06-30,5,0,0
"79",2023-06-30,6,0,1
"80",2023-06-30,7,0,0
"81",2023-06-30,8,0,0
"82",2023-06-30,9,0,0
"83",2023-06-30,10,0,0
"84",2023-06-30,11,0,0
"85",2023-06-30,12,0,0
"86",2023-06-30,13,0,0
"87",2023-06-30,14,0,0
"88",2023-06-30,15,0,0
"89",2023-06-30,16,0,0
"90",2023-06-30,17,0,0
"91",2023-06-30,18,0,0
"92",2023-06-30,19,0,0
"93",2023-06-30,20,0,0
"94",2023-06-30,21,0,0
"95",2023-06-30,22,0,0
"96",2023-06-30,23,0,0
"97",2023-07-01,0,0,0
"98",2023-07-01,1,0,0
"99",2023-07-01,2,0,0
"100",2023-07-01,3,0,0
"101",2023-07-01,4,0,0
"102",2023-07-01,5,0,0
"103",2023-07-01,6,0,0
"104",2023-07-01,7,0,0
"105",2023-07-01,8,0,0
"106",2023-07-01,9,0,0
"107",2023-07-01,10,0,0
"108",2023-07-01,11,0,0
"109",2023-07-01,12,0,0
"110",2023-07-01,13,0,0
"111",2023-07-01,14,0,0
"112",2023-07-01,15,0,0
"113",2023-07-01,16,0,0
"114",2023-07-01,17,0,1
"115",2023-07-01,18,0,0
"116",2023-07-01,19,0,0
"117",2023-07-01,20,0,0
"118",2023-07-01,21,0,0
"119",2023-07-01,22,0,0
"120",2023-07-01,23,0,0
"121",2023-07-02,0,0,0
"122",2023-07-02,1,0,0
"123",2023-07-02,2,0,0
"124",2023-07-02,3,0,0
"125",2023-07-02,4,0,0
"126",2023-07-02,5,0,0
"127",2023-07-02,6,0,0
"128",2023-07-02,7,0,0
"129",2023-07-02,8,0,0
"130",2023-07-02,9,0,0
"131",2023-07-02,10,0,1
"132",2023-07-02,11,0,0
"133",2023-07-02,12,0,0
"134",2023-07-02,13,0,0
"135",2023-07-02,14,0,0
"136",2023-07-02,15,0,0
"137",2023-07-02,16,0,0
"138",2023-07-02,17,0,0
"139",2023-07-02,18,0,1
"140",2023-07-02,19,0,0
"141",2023-07-02,20,0,0
"142",2023-07-02,21,0,0
"143",2023-07-02,22,0,0
"144",2023-07-02,23,0,0
"145",2023-07-03,0,0,0
"146",2023-07-03,1,0,0
"147",2023-07-03,2,0,0
"148",2023-07-03,3,0,0
"149",2023-07-03,4,0,0
"150",2023-07-03,5,0,0
"151",2023-07-03,6,0,0
"152",2023-07-03,7,0,0
"153",2023-07-03,8,0,0
"154",2023-07-03,9,0,0
"155",2023-07-03,10,0,0
"156",2023-07-03,11,0,0
"157",2023-07-03,12,0,0
"158",2023-07-03,13,0,0
"159",2023-07-03,14,0,0
"160",2023-07-03,15,0,0
"161",2023-07-03,16,0,0
"162",2023-07-03,17,0,0
"163",2023-07-03,18,0,1
"164",2023-07-03,19,0,0
"165",2023-07-03,20,0,0
"166",2023-07-03,21,0,0
"167",2023-07-03,22,0,0
"168",2023-07-03,23,0,0
"169",2023-07-04,0,0,0
"170",2023-07-04,1,0,0
"171",2023-07-04,2,0,0
"172",2023-07-04,3,0,0
"173",2023-07-04,4,0,0
"174",2023-07-04,5,0,0
"175",2023-07-04,6,0,0
"176",2023-07-04,7,0,0
"177",2023-07-04,8,0,0
"178",2023-07-04,9,0,0
"179",2023-07-04,10,0,0
"180",2023-07-04,11,0,0
"181",2023-07-04,12,0,0
"182",2023-07-04,13,0,0
"183",2023-07-04,14,0,0
"184",2023-07-04,15,0,0
"185",2023-07-04,16,0,0
"186",2023-07-04,17,0,0
"187",2023-07-04,18,0,0
"188",2023-07-04,19,0,0
"189",2023-07-04,20,0,0
"190",2023-07-04,21,0,0
"191",2023-07-04,22,0,0
"192",2023-07-04,23,0,0
"193",2023-07-05,0,0,0
"194",2023-07-05,1,0,0
"195",2023-07-05,2,0,0
"196",2023-07-05,3,0,0
"197",2023-07-05,4,0,0
"198",2023-07-05,5,0,0
"199",2023-07-05,6,0,0
"200",2023-07-05,7,0,0
"201",2023-07-05,8,0,0
"202",2023-07-05,9,0,0
"203",2023-07-05,10,0,0
"204",2023-07-05,11,0,0
"205",2023-07-05,12,0,0
"206",2023-07-05,13,0,0
"207",2023-07-05,14,0,0
"208",2023-07-05,15,0,0
"209",2023-07-05,16,0,0
"210",2023-07-05,17,0,0
"211",2023-07-05,18,0,0
"212",2023-07-05,19,0,0
"213",2023-07-05,20,0,0
"214",2023-07-05,21,0,0
"215",2023-07-05,22,0,0
"216",2023-07-05,23,0,0
"217",2023-07-06,0,0,0
"218",2023-07-06,1,0,0
"219",2023-07-06,2,0,0
"220",2023-07-06,3,0,0
"221",2023-07-06,4,0,1
"222",2023-07-06,5,0,0
"223",2023-07-06,6,0,0
"224",2023-07-06,7,0,1
"225",2023-07-06,8,0,0
"226",2023-07-06,9,0,0
"227",2023-07-06,10,0,0
"228",2023-07-06,11,0,0
"229",2023-07-06,12,0,0
"230",2023-07-06,13,0,0
"231",2023-07-06,14,0,0
"232",2023-07-06,15,0,0
"233",2023-07-06,16,0,0
"234",2023-07-06,17,0,0
"235",2023-07-06,18,0,0
"236",2023-07-06,19,0,0
"237",2023-07-06,20,0,0
"238",2023-07-06,21,0,0
"239",2023-07-06,22,0,0
"240",2023-07-06,23,0,0
"241",2023-07-07,0,0,0
"242",2023-07-07,1,0,0
"243",2023-07-07,2,0,0
"244",2023-07-07,3,0,1
"245",2023-07-07,4,0,0
"246",2023-07-07,5,0,0
"247",2023-07-07,6,0,0
"248",2023-07-07,7,0,0
"249",2023-07-07,8,0,0
"250",2023-07-07,9,0,0
"251",2023-07-07,10,0,0
"252",2023-07-07,11,0,0
"253",2023-07-07,12,0,0
"254",2023-07-07,13,0,0
"255",2023-07-07,14,0,0
"256",2023-07-07,15,0,0
"257",2023-07-07,16,0,0
"258",2023-07-07,17,0,0
"259",2023-07-07,18,0,0
"260",2023-07-07,19,0,0
"261",2023-07-07,20,0,0
"262",2023-07-07,21,0,0
"263",2023-07-07,22,0,0
"264",2023-07-07,23,0,0
"265",2023-07-08,0,0,0
"266",2023-07-08,1,0,0
"267",2023-07-08,2,0,0
"268",2023-07-08,3,0,0
"269",2023-07-08,4,0,0
"270",2023-07-08,5,0,0
"271",2023-07-08,6,0,0
"272",2023-07-08,7,0,0
"273",2023-07-08,8,0,0
"274",2023-07-08,9,0,0
"275",2023-07-08,10,0,1
"276",2023-07-08,11,0,0
"277",2023-07-08,12,0,0
"278",2023-07-08,13,0,1
"279",2023-07-08,14,0,0
"280",2023-07-08,15,0,0
"281",2023-07-08,16,0,0
"282",2023-07-08,17,0,0
"283",2023-07-08,18,0,0
"284",2023-07-08,19,0,0
"285",2023-07-08,20,0,0
"286",2023-07-08,21,0,0
"287",2023-07-08,22,0,1
"288",2023-07-08,23,0,0
"289",2023-07-09,0,0,0
"290",2023-07-09,1,0,0
"291",2023-07-09,2,0,0
"292",2023-07-09,3,0,0
"293",2023-07-09,4,0,1
"294",2023-07-09,5,0,0
"295",2023-07-09,6,0,0
"296",2023-07-09,7,0,0
"297",2023-07-09,8,0,0
"298",2023-07-09,9,0,0
"299",2023-07-09,10,0,0
"300",2023-07-09,11,0,0
"301",2023-07-09,12,0,0
"302",2023-07-09,13,0,0
"303",2023-07-09,14,0,0
"304",2023-07-09,15,0,0
"305",2023-07-09,16,0,0
"306",2023-07-09,17,0,0
"307",2023-07-09,18,0,0
"308",2023-07-09,19,0,0
"309",2023-07-09,20,0,0
"310",2023-07-09,21,0,0
"311",2023-07-09,22,0,0
"312",2023-07-09,23,0,0
"313",2023-07-10,0,0,0
"314",2023-07-10,1,0,0
"315",2023-07-10,2,0,0
"316",2023-07-10,3,0,0
"317",2023-07-10,4,0,0
"318",2023-07-10,5,0,0
"319",2023-07-10,6,0,0
"320",2023-07-10,7,0,0
"321",2023-07-10,8,0,0
"322",2023-07-10,9,0,0
"323",2023-07-10,10,0,0
"324",2023-07-10,11,0,0
"325",2023-07-10,12,0,1
"326",2023-07-10,13,0,0
"327",2023-07-10,14,0,0
"328",2023-07-10,15,0,1
"329",2023-07-10,16,0,0
"330",2023-07-10,17,0,0
"331",2023-07-10,18,0,0
"332",2023-07-10,19,0,0
"333",2023-07-10,20,0,0
"334",2023-07-10,21,0,0
"335",2023-07-10,22,0,0
"336",2023-07-10,23,0,0
"337",2023-07-11,0,0,0
"338",2023-07-11,1,0,0
"339",2023-07-11,2,0,0
"340",2023-07-11,3,0,0
"341",2023-07-11,4,0,0
"342",2023-07-11,5,0,0
"343",2023-07-11,6,0,0
"344",2023-07-11,7,0,1
"345",2023-07-11,8,0,0
"346",2023-07-11,9,0,0
"347",2023-07-11,10,0,0
"348",2023-07-11,11,0,0
"349",2023-07-11,12,0,0
"350",2023-07-11,13,0,0
"351",2023-07-11,14,0,0
"352",2023-07-11,15,0,0
"353",2023-07-11,16,0,0
"354",2023-07-11,17,0,0
"355",2023-07-11,18,0,0
"356",2023-07-11,19,0,0
"357",2023-07-11,20,0,0
"358",2023-07-11,21,0,0
"359",2023-07-11,22,0,0
"360",2023-07-11,23,0,0
"361",2023-07-12,0,0,0
"362",2023-07-12,1,0,0
"363",2023-07-12,2,0,0
"364",2023-07-12,3,0,0
"365",2023-07-12,4,0,0
"366",2023-07-12,5,0,0
"367",2023-07-12,6,0,0
"368",2023-07-12,7,0,0
"369",2023-07-12,8,0,0
"370",2023-07-12,9,0,0
"371",2023-07-12,10,0,0
"372",2023-07-12,11,0,0
"373",2023-07-12,12,0,0
"374",2023-07-12,13,0,0
"375",2023-07-12,14,0,0
"376",2023-07-12,15,0,0
"377",2023-07-12,16,0,0
"378",2023-07-12,17,0,0
"379",2023-07-12,18,0,0
"380",2023-07-12,19,0,0
"381",2023-07-12,20,0,0
"382",2023-07-12,21,0,0
"383",2023-07-12,22,0,0
"384",2023-07-12,23,0,0
"385",2023-07-13,0,0,0
"386",2023-07-13,1,0,0
"387",2023-07-13,2,0,0
"388",2023-07-13,3,0,0
"389",2023-07-13,4,0,0
"390",2023-07-13,5,0,0
"391",2023-07-13,6,0,0
"392",2023-07-13,7,0,0
"393",2023-07-13,8,0,0
"394",2023-07-13,9,0,0
"395",2023-07-13,10,0,0
"396",2023-07-13,11,0,0
"397",2023-07-13,12,0,0
"398",2023-07-13,13,0,0
"399",2023-07-13,14,0,0
"400",2023-07-13,15,0,0
"401",2023-07-13,16,0,0
"402",2023-07-13,17,0,0
"403",2023-07-13,18,0,0
"404",2023-07-13,19,0,0
"405",2023-07-13,20,0,0
"406",2023-07-13,21,0,0
"407",2023-07-13,22,0,0
"408",2023-07-13,23,0,0
"409",2023-07-14,0,0,0
"410",2023-07-14,1,0,0
"411",2023-07-14,2,0,0
"412",2023-07-14,3,0,0
"413",2023-07-14,4,0,0
"414",2023-07-14,5,0,0
"415",2023-07-14,6,0,0
"416",2023-07-14,7,0,0
"417",2023-07-14,8,0,0
"418",2023-07-14,9,0,0
"419",2023-07-14,10,0,0
"420",2023-07-14,11,0,0
"421",2023-07-14,12,0,0
"422",2023-07-14,13,0,0
"423",2023-07-14,14,0,0
"424",2023-07-14,15,0,0
"425",2023-07-14,16,0,0
"426",2023-07-14,17,0,0
"427",2023-07-14,18,0,1
"428",2023-07-14,19,0,0
"429",2023-07-14,20,0,0
"430",2023-07-14,21,0,0
"431",2023-07-14,22,0,0
"432",2023-07-14,23,0,0
"433",2023-07-15,0,0,0
"434",2023-07-15,1,0,0
"435",2023-07-15,2,0,0
"436",2023-07-15,3,0,0
"437",2023-07-15,4,0,0
"438",2023-07-15,5,0,0
"439",2023-07-15,6,0,0
"440",2023-07-15,7,0,0
"441",2023-07-15,8,0,0
"442",2023-07-15,9,0,0
"443",2023-07-15,10,0,0
"444",2023-07-15,11,0,0
"445",2023-07-15,12,0,0
"446",2023-07-15,13,0,0
"447",2023-07-15,14,0,0
"448",2023-07-15,15,0,0
"449",2023-07-15,16,0,0
"450",2023-07-15,17,0,0
"451",2023-07-15,18,0,0
"452",2023-07-15,19,0,0
"453",2023-07-15,20,0,0
"454",2023-07-15,21,0,0
"455",2023-07-15,22,0,1
"456",2023-07-15,23,0,0
"457",2023-07-16,0,0,1
"458",2023-07-16,1,0,0
"459",2023-07-16,2,0,0
"460",2023-07-16,3,0,0
"461",2023-07-16,4,0,0
"462",2023-07-16,5,0,0
"463",2023-07-16,6,0,0
"464",2023-07-16,7,0,0
"465",2023-07-16,8,0,0
"466",2023-07-16,9,1,0
"467",2023-07-16,10,0,1
"468",2023-07-16,11,0,0
"469",2023-07-16,12,0,0
"470",2023-07-16,13,0,0
"471",2023-07-16,14,0,1
"472",2023-07-16,15,0,0
"473",2023-07-16,16,0,0
"474",2023-07-16,17,0,0
"475",2023-07-16,18,0,0
"476",2023-07-16,19,0,0
"477",2023-07-16,20,0,0
"478",2023-07-16,21,0,0
"479",2023-07-16,22,0,0
"480",2023-07-16,23,0,0
"481",2023-07-17,0,0,0
"482",2023-07-17,1,0,0
"483",2023-07-17,2,0,0
"484",2023-07-17,3,0,0
"485",2023-07-17,4,0,1
"486",2023-07-17,5,0,0
"487",2023-07-17,6,1,0
"488",2023-07-17,7,0,0
"489",2023-07-17,8,0,0
"490",2023-07-17,9,0,0
"491",2023-07-17,10,0,0
"492",2023-07-17,11,0,0
"493",2023-07-17,12,0,0
"494",2023-07-17,13,0,0
"495",2023-07-17,14,0,0
"496",2023-07-17,15,0,0
"497",2023-07-17,16,0,0
"498",2023-07-17,17,0,0
"499",2023-07-17,18,0,0
"500",2023-07-17,19,0,0
"501",2023-07-17,20,0,0
"502",2023-07-17,21,0,1
"503",2023-07-17,22,0,0
"504",2023-07-17,23,0,0
"505",2023-07-18,0,0,0
"506",2023-07-18,1,0,0
"507",2023-07-18,2,0,0
"508",2023-07-18,3,0,0
"509",2023-07-18,4,0,0
"510",2023-07-18,5,0,0
"511",2023-07-18,6,0,0
"512",2023-07-18,7,0,0
"513",2023-07-18,8,0,0
"514",2023-07-18,9,0,0
"515",2023-07-18,10,0,0
"516",2023-07-18,11,0,1
"517",2023-07-18,12,0,0
"518",2023-07-18,13,0,0
"519",2023-07-18,14,0,0
"520",2023-07-18,15,0,0
"521",2023-07-18,16,0,0
"522",2023-07-18,17,0,0
"523",2023-07-18,18,0,0
"524",2023-07-18,19,0,0
"525",2023-07-18,20,0,0
"526",2023-07-18,21,0,0
"527",2023-07-18,22,0,0
"528",2023-07-18,23,0,0
"529",2023-07-19,0,0,0
"530",2023-07-19,1,0,0
"531",2023-07-19,2,0,0
"532",2023-07-19,3,0,0
"533",2023-07-19,4,0,0
"534",2023-07-19,5,0,0
"535",2023-07-19,6,0,0
"536",2023-07-19,7,0,1
"537",2023-07-19,8,0,0
"538",2023-07-19,9,0,0
"539",2023-07-19,10,0,0
"540",2023-07-19,11,0,0
"541",2023-07-19,12,0,0
"542",2023-07-19,13,0,0
"543",2023-07-19,14,0,0
"544",2023-07-19,15,0,0
"545",2023-07-19,16,0,0
"546",2023-07-19,17,0,0
"547",2023-07-19,18,0,0
"548",2023-07-19,19,0,0
"549",2023-07-19,20,0,1
"550",2023-07-19,21,0,0
"551",2023-07-19,22,0,0
"552",2023-07-19,23,0,0
"553",2023-07-20,0,0,0
"554",2023-07-20,1,0,1
"555",2023-07-20,2,0,0
"556",2023-07-20,3,0,0
"557",2023-07-20,4,0,0
"558",2023-07-20,5,1,0
"559",2023-07-20,6,0,0
"560",2023-07-20,7,0,0
"561",2023-07-20,8,0,0
"562",2023-07-20,9,0,0
"563",2023-07-20,10,0,0
"564",2023-07-20,11,0,0
"565",2023-07-20,12,0,0
"566",2023-07-20,13,0,0
"567",2023-07-20,14,0,0
"568",2023-07-20,15,0,0
"569",2023-07-20,16,0,0
"570",2023-07-20,17,0,0
"571",2023-07-20,18,0,0
"572",2023-07-20,19,0,0
"573",2023-07-20,20,0,0
"574",2023-07-20,21,0,0
"575",2023-07-20,22,0,0
"576",2023-07-20,23,0,0
"577",2023-07-21,0,0,0
"578",2023-07-21,1,0,0
"579",2023-07-21,2,0,0
"580",2023-07-21,3,0,0
"581",2023-07-21,4,0,0
"582",2023-07-21,5,0,0
"583",2023-07-21,6,0,0
"584",2023-07-21,7,0,0
"585",2023-07-21,8,0,0
"586",2023-07-21,9,0,0
"587",2023-07-21,10,0,0
"588",2023-07-21,11,0,0
"589",2023-07-21,12,0,0
"590",2023-07-21,13,0,0
"591",2023-07-21,14,0,0
"592",2023-07-21,15,0,0
"593",2023-07-21,16,0,0
"594",2023-07-21,17,0,0
"595",2023-07-21,18,0,0
"596",2023-07-21,19,0,0
"597",2023-07-21,20,0,0
"598",2023-07-21,21,0,0
"599",2023-07-21,22,0,0
"600",2023-07-21,23,0,0
"601",2023-07-22,0,0,0
"602",2023-07-22,1,0,0
"603",2023-07-22,2,0,0
"604",2023-07-22,3,0,0
"605",2023-07-22,4,0,0
"606",2023-07-22,5,0,0
"607",2023-07-22,6,0,0
"608",2023-07-22,7,0,0
"609",2023-07-22,8,0,0
"610",2023-07-22,9,0,0
"611",2023-07-22,10,0,0
"612",2023-07-22,11,0,0
"613",2023-07-22,12,0,0
"614",2023-07-22,13,0,0
"615",2023-07-22,14,0,0
"616",2023-07-22,15,0,0
"617",2023-07-22,16,0,0
"618",2023-07-22,17,0,0
"619",2023-07-22,18,0,0
"620",2023-07-22,19,0,0
"621",2023-07-22,20,0,0
"622",2023-07-22,21,0,0
"623",2023-07-22,22,0,0
"624",2023-07-22,23,0,0
"625",2023-07-23,0,0,0
"626",2023-07-23,1,0,0
"627",2023-07-23,2,0,0
"628",2023-07-23,3,0,0
"629",2023-07-23,4,0,0
"630",2023-07-23,5,0,0
"631",2023-07-23,6,0,0
"632",2023-07-23,7,0,0
"633",2023-07-23,8,0,0
"634",2023-07-23,9,0,0
"635",2023-07-23,10,0,0
"636",2023-07-23,11,0,0
"637",2023-07-23,12,0,0
"638",2023-07-23,13,0,0
"639",2023-07-23,14,0,0
"640",2023-07-23,15,0,0
"641",2023-07-23,16,0,0
"642",2023-07-23,17,0,0
"643",2023-07-23,18,0,0
"644",2023-07-23,19,0,0
"645",2023-07-23,20,0,0
"646",2023-07-23,21,0,0
"647",2023-07-23,22,0,0
"648",2023-07-23,23,0,0
"649",2023-07-24,0,0,0
"650",2023-07-24,1,0,0
"651",2023-07-24,2,0,0
"652",2023-07-24,3,0,0
"653",2023-07-24,4,0,0
"654",2023-07-24,5,0,0
"655",2023-07-24,6,0,0
"656",2023-07-24,7,0,0
"657",2023-07-24,8,0,0
"658",2023-07-24,9,0,0
"659",2023-07-24,10,0,0
"660",2023-07-24,11,0,0
"661",2023-07-24,12,0,0
"662",2023-07-24,13,0,0
"663",2023-07-24,14,0,0
"664",2023-07-24,15,0,0
"665",2023-07-24,16,0,0
"666",2023-07-24,17,0,0
"667",2023-07-24,18,0,0
"668",2023-07-24,19,0,0
"669",2023-07-24,20,0,0
"670",2023-07-24,21,0,0
"671",2023-07-24,22,0,0
"672",2023-07-24,23,0,0
"673",2023-07-25,0,0,0
"674",2023-07-25,1,0,0
"675",2023-07-25,2,0,0
"676",2023-07-25,3,0,0
"677",2023-07-25,4,0,0
"678",2023-07-25,5,0,0
"679",2023-07-25,6,0,0
"680",2023-07-25,7,0,0
"681",2023-07-25,8,0,0
"682",2023-07-25,9,0,0
"683",2023-07-25,10,0,0
"684",2023-07-25,11,0,0
"685",2023-07-25,12,0,0
"686",2023-07-25,13,0,0
"687",2023-07-25,14,0,0
"688",2023-07-25,15,0,0
"689",2023-07-25,16,0,0
"690",2023-07-25,17,0,0
"691",2023-07-25,18,0,0
"692",2023-07-25,19,0,0
"693",2023-07-25,20,0,0
"694",2023-07-25,21,0,0
"695",2023-07-25,22,0,0
"696",2023-07-25,23,0,1
"697",2023-07-26,0,0,0
"698",2023-07-26,1,0,0
"699",2023-07-26,2,0,0
"700",2023-07-26,3,0,0
"701",2023-07-26,4,0,0
"702",2023-07-26,5,0,0
"703",2023-07-26,6,0,0
"704",2023-07-26,7,0,0
"705",2023-07-26,8,0,0
"706",2023-07-26,9,0,0
"707",2023-07-26,10,0,0
"708",2023-07-26,11,0,0
"709",2023-07-26,12,0,0
"710",2023-07-26,13,0,0
"711",2023-07-26,14,0,0
"712",2023-07-26,15,0,0
"713",2023-07-26,16,0,0
"714",2023-07-26,17,0,0
"715",2023-07-26,18,0,1
"716",2023-07-26,19,0,0
"717",2023-07-26,20,0,0
"718",2023-07-26,21,0,0
"719",2023-07-26,22,0,0
"720",2023-07-26,23,0,0
"721",2023-07-27,0,0,0
"722",2023-07-27,1,0,0
"723",2023-07-27,2,0,0
"724",2023-07-27,3,0,0
"725",2023-07-27,4,0,0
"726",2023-07-27,5,0,0
"727",2023-07-27,6,0,0
"728",2023-07-27,7,0,0
"729",2023-07-27,8,0,1
"730",2023-07-27,9,0,0
"731",2023-07-27,10,0,0
"732",2023-07-27,11,0,0
"733",2023-07-27,12,0,0
"734",2023-07-27,13,0,0
"735",2023-07-27,14,0,0
"736",2023-07-27,15,0,0
"737",2023-07-27,16,0,0
"738",2023-07-27,17,0,0
"739",2023-07-27,18,0,0
"740",2023-07-27,19,0,0
"741",2023-07-27,20,0,0
"742",2023-07-27,21,0,0
"743",2023-07-27,22,0,0
"744",2023-07-27,23,0,0
"745",2023-07-28,0,0,0
"746",2023-07-28,1,0,0
"747",2023-07-28,2,0,0
"748",2023-07-28,3,0,0
"749",2023-07-28,4,0,0
"750",2023-07-28,5,0,0
"751",2023-07-28,6,0,0
"752",2023-07-28,7,0,0
"753",2023-07-28,8,0,0
"754",2023-07-28,9,0,0
"755",2023-07-28,10,0,0
"756",2023-07-28,11,0,0
"757",2023-07-28,12,0,0
"758",2023-07-28,13,0,0
"759",2023-07-28,14,0,0
"760",2023-07-28,15,0,0
"761",2023-07-28,16,0,0
"762",2023-07-28,17,0,0
"763",2023-07-28,18,0,0
"764",2023-07-28,19,0,0
"765",2023-07-28,20,0,0
"766",2023-07-28,21,0,0
"767",2023-07-28,22,0,0
"768",2023-07-28,23,0,0
"769",2023-07-29,0,0,0
"770",2023-07-29,1,0,0
"771",2023-07-29,2,0,1
"772",2023-07-29,3,0,0
"773",2023-07-29,4,0,0
"774",2023-07-29,5,0,0
"775",2023-07-29,6,0,0
"776",2023-07-29,7,0,0
"777",2023-07-29,8,0,0
"778",2023-07-29,9,0,0
"779",2023-07-29,10,0,0
"780",2023-07-29,11,0,0
"781",2023-07-29,12,0,0
"782",2023-07-29,13,0,0
"783",2023-07-29,14,0,0
"784",2023-07-29,15,0,0
"785",2023-07-29,16,0,0
"786",2023-07-29,17,0,0
"787",2023-07-29,18,0,0
"788",2023-07-29,19,0,0
"789",2023-07-29,20,0,0
"790",2023-07-29,21,0,0
"791",2023-07-29,22,0,0
"792",2023-07-29,23,0,0
"793",2023-07-30,0,0,0
"794",2023-07-30,1,0,0
"795",2023-07-30,2,0,0
"796",2023-07-30,3,0,0
"797",2023-07-30,4,0,0
"798",2023-07-30,5,0,0
"799",2023-07-30,6,0,0
"800",2023-07-30,7,0,0
"801",2023-07-30,8,0,0
"802",2023-07-30,9,0,0
"803",2023-07-30,10,0,0
"804",2023-07-30,11,0,0
"805",2023-07-30,12,0,0
"806",2023-07-30,13,0,0
"807",2023-07-30,14,0,0
"808",2023-07-30,15,0,0
"809",2023-07-30,16,0,0
"810",2023-07-30,17,0,0
"811",2023-07-30,18,0,0
"812",2023-07-30,19,0,0
"813",2023-07-30,20,0,0
"814",2023-07-30,21,0,0
"815",2023-07-30,22,0,0
"816",2023-07-30,23,0,0
"817",2023-07-31,0,0,0
"818",2023-07-31,1,0,0
"819",2023-07-31,2,0,0
"820",2023-07-31,3,0,0
"821",2023-07-31,4,0,0
"822",2023-07-31,5,0,0
"823",2023-07-31,6,0,0
"824",2023-07-31,7,0,0
"825",2023-07-31,8,0,0
"826",2023-07-31,9,0,0
"827",2023-07-31,10,0,0
"828",2023-07-31,11,0,0
"829",2023-07-31,12,0,0
"830",2023-07-31,13,0,0
"831",2023-07-31,14,0,0
"832",2023-07-31,15,0,0
"833",2023-07-31,16,0,0
"834",2023-07-31,17,0,0
"835",2023-07-31,18,0,0
"836",2023-07-31,19,0,0
"837",2023-07-31,20,0,0
"838",2023-07-31,21,0,0
"839",2023-07-31,22,0,0
"840",2023-07-31,23,0,0
"841",2023-08-01,0,0,0
"842",2023-08-01,1,0,0
"843",2023-08-01,2,0,0
"844",2023-08-01,3,0,0
"845",2023-08-01,4,0,0
"846",2023-08-01,5,0,0
"847",2023-08-01,6,0,0
"848",2023-08-01,7,0,0
"849",2023-08-01,8,0,0
"850",2023-08-01,9,0,0
"851",2023-08-01,10,0,0
"852",2023-08-01,11,0,0
"853",2023-08-01,12,0,0
"854",2023-08-01,13,0,0
"855",2023-08-01,14,0,0
"856",2023-08-01,15,0,0
"857",2023-08-01,16,0,0
"858",2023-08-01,17,0,0
"859",2023-08-01,18,0,0
"860",2023-08-01,19,0,1
"861",2023-08-01,20,0,0
"862",2023-08-01,21,0,0
"863",2023-08-01,22,0,0
"864",2023-08-01,23,0,0
"865",2023-08-02,0,0,1
"866",2023-08-02,1,0,0
"867",2023-08-02,2,0,0
"868",2023-08-02,3,0,0
"869",2023-08-02,4,0,0
"870",2023-08-02,5,0,0
"871",2023-08-02,6,0,0
"872",2023-08-02,7,0,0
"873",2023-08-02,8,0,0
"874",2023-08-02,9,0,0
"875",2023-08-02,10,0,0
"876",2023-08-02,11,0,0
"877",2023-08-02,12,0,0
"878",2023-08-02,13,0,0
"879",2023-08-02,14,0,0
"880",2023-08-02,15,0,0
"881",2023-08-02,16,0,0
"882",2023-08-02,17,0,1
"883",2023-08-02,18,0,0
"884",2023-08-02,19,0,0
"885",2023-08-02,20,0,0
"886",2023-08-02,21,0,0
"887",2023-08-02,22,0,1
"888",2023-08-02,23,0,0
"889",2023-08-03,0,0,0
"890",2023-08-03,1,0,0
"891",2023-08-03,2,0,0
"892",2023-08-03,3,0,0
"893",2023-08-03,4,0,0
"894",2023-08-03,5,0,0
"895",2023-08-03,6,0,0
"896",2023-08-03,7,0,0
"897",2023-08-03,8,0,1
"898",2023-08-03,9,0,0
"899",2023-08-03,10,0,0
"900",2023-08-03,11,0,0
"901",2023-08-03,12,0,0
"902",2023-08-03,13,0,0
"903",2023-08-03,14,0,0
"904",2023-08-03,15,0,0
"905",2023-08-03,16,0,1
"906",2023-08-03,17,0,0
"907",2023-08-03,18,0,0
"908",2023-08-03,19,0,0
"909",2023-08-03,20,0,0
"910",2023-08-03,21,0,0
"911",2023-08-03,22,0,0
"912",2023-08-03,23,0,0
"913",2023-08-04,0,0,0
"914",2023-08-04,1,0,0
"915",2023-08-04,2,0,0
"916",2023-08-04,3,0,0
"917",2023-08-04,4,0,0
"918",2023-08-04,5,0,0
"919",2023-08-04,6,0,0
"920",2023-08-04,7,0,0
"921",2023-08-04,8,0,0
"922",2023-08-04,9,0,0
"923",2023-08-04,10,0,0
"924",2023-08-04,11,0,0
"925",2023-08-04,12,0,0
"926",2023-08-04,13,0,0
"927",2023-08-04,14,0,0
"928",2023-08-04,15,0,0
"929",2023-08-04,16,0,0
"930",2023-08-04,17,0,0
"931",2023-08-04,18,0,0
"932",2023-08-04,19,0,0
"933",2023-08-04,20,0,0
"934",2023-08-04,21,0,0
"935",2023-08-04,22,0,0
"936",2023-08-04,23,0,0
"937",2023-08-05,0,0,0
"938",2023-08-05,1,0,0
"939",2023-08-05,2,0,0
"940",2023-08-05,3,0,0
"941",2023-08-05,4,0,0
"942",2023-08-05,5,0,0
"943",2023-08-05,6,0,1
"944",2023-08-05,7,0,0
"945",2023-08-05,8,0,0
"946",2023-08-05,9,0,0
"947",2023-08-05,10,0,0
"948",2023-08-05,11,0,0
"949",2023-08-05,12,1,0
"950",2023-08-05,13,0,0
"951",2023-08-05,14,0,0
"952",2023-08-05,15,0,0
"953",2023-08-05,16,0,0
"954",2023-08-05,17,0,0
"955",2023-08-05,18,0,0
"956",2023-08-05,19,0,0
"957",2023-08-05,20,0,0
"958",2023-08-05,21,0,0
"959",2023-08-05,22,0,0
"960",2023-08-05,23,0,0
"961",2023-08-06,0,0,0
"962",2023-08-06,1,0,0
"963",2023-08-06,2,0,0
"964",2023-08-06,3,0,0
"965",2023-08-06,4,0,0
"966",2023-08-06,5,0,0
"967",2023-08-06,6,0,0
"968",2023-08-06,7,0,0
"969",2023-08-06,8,0,0
"970",2023-08-06,9,0,0
"971",2023-08-06,10,0,0
"972",2023-08-06,11,0,0
"973",2023-08-06,12,0,0
"974",2023-08-06,13,0,0
"975",2023-08-06,14,0,0
"976",2023-08-06,15,0,0
"977",2023-08-06,16,0,0
"978",2023-08-06,17,0,0
"979",2023-08-06,18,0,0
"980",2023-08-06,19,0,0
"981",2023-08-06,20,0,0
"982",2023-08-06,21,0,0
"983",2023-08-06,22,0,1
"984",2023-08-06,23,0,0
"985",2023-08-07,0,0,0
"986",2023-08-07,1,0,0
"987",2023-08-07,2,0,0
"988",2023-08-07,3,0,0
"989",2023-08-07,4,0,0
"990",2023-08-07,5,0,0
"991",2023-08-07,6,0,0
"992",2023-08-07,7,0,0
"993",2023-08-07,8,0,0
"994",2023-08-07,9,0,0
"995",2023-08-07,10,0,0
"996",2023-08-07,11,0,0
"997",2023-08-07,12,0,0
"998",2023-08-07,13,0,0
"999",2023-08-07,14,0,0
"1000",2023-08-07,15,0,0
"1001",2023-08-07,16,0,1
"1002",2023-08-07,17,0,0
"1003",2023-08-07,18,0,0
"1004",2023-08-07,19,0,0
"1005",2023-08-07,20,0,0
"1006",2023-08-07,21,0,0
"1007",2023-08-07,22,0,1
"1008",2023-08-07,23,0,0
"1009",2023-08-08,0,0,0
"1010",2023-08-08,1,0,1
"1011",2023-08-08,2,0,0
"1012",2023-08-08,3,0,0
"1013",2023-08-08,4,0,1
"1014",2023-08-08,5,0,0
"1015",2023-08-08,6,0,0
"1016",2023-08-08,7,0,0
"1017",2023-08-08,8,0,0
"1018",2023-08-08,9,0,0
"1019",2023-08-08,10,0,0
"1020",2023-08-08,11,0,0
"1021",2023-08-08,12,0,0
"1022",2023-08-08,13,0,1
"1023",2023-08-08,14,0,0
"1024",2023-08-08,15,0,0
"1025",2023-08-08,16,0,0
"1026",2023-08-08,17,0,0
"1027",2023-08-08,18,0,0
"1028",2023-08-08,19,0,0
"1029",2023-08-08,20,0,0
"1030",2023-08-08,21,0,0
"1031",2023-08-08,22,0,0
"1032",2023-08-08,23,0,0
"1033",2023-08-09,0,0,0
"1034",2023-08-09,1,0,0
"1035",2023-08-09,2,0,0
"1036",2023-08-09,3,0,0
"1037",2023-08-09,4,0,0
"1038",2023-08-09,5,0,0
"1039",2023-08-09,6,0,0
"1040",2023-08-09,7,0,1
"1041",2023-08-09,8,0,0
"1042",2023-08-09,9,0,0
"1043",2023-08-09,10,0,0
"1044",2023-08-09,11,0,0
"1045",2023-08-09,12,0,0
"1046",2023-08-09,13,0,0
"1047",2023-08-09,14,0,0
"1048",2023-08-09,15,0,0
"1049",2023-08-09,16,0,0
"1050",2023-08-09,17,0,0
"1051",2023-08-09,18,0,0
"1052",2023-08-09,19,0,0
"1053",2023-08-09,20,0,0
"1054",2023-08-09,21,0,0
"1055",2023-08-09,22,0,0
"1056",2023-08-09,23,0,0
"1057",2023-08-10,0,0,0
"1058",2023-08-10,1,0,1
"1059",2023-08-10,2,0,0
"1060",2023-08-10,3,0,0
"1061",2023-08-10,4,0,0
"1062",2023-08-10,5,0,0
"1063",2023-08-10,6,0,0
"1064",2023-08-10,7,0,0
"1065",2023-08-10,8,0,0
"1066",2023-08-10,9,0,0
"1067",2023-08-10,10,0,0
"1068",2023-08-10,11,0,0
"1069",2023-08-10,12,0,0
"1070",2023-08-10,13,0,0
"1071",2023-08-10,14,0,0
"1072",2023-08-10,15,0,0
"1073",2023-08-10,16,0,0
"1074",2023-08-10,17,0,0
"1075",2023-08-10,18,0,0
"1076",2023-08-10,19,0,0
"1077",2023-08-10,20,0,0
"1078",2023-08-10,21,0,0
"1079",2023-08-10,22,0,0
"1080",2023-08-10,23,0,0
"1081",2023-08-11,0,0,0
"1082",2023-08-11,1,0,0
"1083",2023-08-11,2,0,0
"1084",2023-08-11,3,0,0
"1085",2023-08-11,4,0,0
"1086",2023-08-11,5,0,0
"1087",2023-08-11,6,0,0
"1088",2023-08-11,7,0,0
"1089",2023-08-11,8,0,0
"1090",2023-08-11,9,0,0
"1091",2023-08-11,10,0,0
"1092",2023-08-11,11,0,0
"1093",2023-08-11,12,0,0
"1094",2023-08-11,13,0,0
"1095",2023-08-11,14,0,0
"1096",2023-08-11,15,0,0
"1097",2023-08-11,16,0,0
"1098",2023-08-11,17,0,0
"1099",2023-08-11,18,0,0
"1100",2023-08-11,19,0,0
"1101",2023-08-11,20,0,0
"1102",2023-08-11,21,0,0
"1103",2023-08-11,22,0,0
"1104",2023-08-11,23,0,0
"1105",2023-08-12,0,0,0
"1106",2023-08-12,1,0,0
"1107",2023-08-12,2,0,0
"1108",2023-08-12,3,0,0
"1109",2023-08-12,4,0,0
"1110",2023-08-12,5,0,0
"1111",2023-08-12,6,0,0
"1112",2023-08-12,7,0,1
"1113",2023-08-12,8,0,0
"1114",2023-08-12,9,0,0
"1115",2023-08-12,10,0,0
"1116",2023-08-12,11,0,0
"1117",2023-08-12,12,0,0
"1118",2023-08-12,13,0,0
"1119",2023-08-12,14,0,0
"1120",2023-08-12,15,0,0
"1121",2023-08-12,16,0,0
"1122",2023-08-12,17,0,0
"1123",2023-08-12,18,0,0
"1124",2023-08-12,19,0,0
"1125",2023-08-12,20,0,0
"1126",2023-08-12,21,0,0
"1127",2023-08-12,22,0,0
"1128",2023-08-12,23,0,0
"1129",2023-08-13,0,0,0
"1130",2023-08-13,1,0,0
"1131",2023-08-13,2,0,0
"1132",2023-08-13,3,0,0
"1133",2023-08-13,4,0,0
"1134",2023-08-13,5,0,0
"1135",2023-08-13,6,0,0
"1136",2023-08-13,7,0,0
"1137",2023-08-13,8,0,0
"1138",2023-08-13,9,0,0
"1139",2023-08-13,10,0,0
"1140",2023-08-13,11,0,0
"1141",2023-08-13,12,0,0
"1142",2023-08-13,13,0,0
"1143",2023-08-13,14,0,0
"1144",2023-08-13,15,0,0
"1145",2023-08-13,16,0,0
"1146",2023-08-13,17,0,0
"1147",2023-08-13,18,0,0
"1148",2023-08-13,19,0,1
"1149",2023-08-13,20,0,0
"1150",2023-08-13,21,0,0
"1151",2023-08-13,22,0,0
"1152",2023-08-13,23,0,0
"1153",2023-08-14,0,0,0
"1154",2023-08-14,1,0,0
"1155",2023-08-14,2,0,0
"1156",2023-08-14,3,0,0
"1157",2023-08-14,4,0,0
"1158",2023-08-14,5,0,0
"1159",2023-08-14,6,0,1
"1160",2023-08-14,7,0,0
"1161",2023-08-14,8,0,0
"1162",2023-08-14,9,0,0
"1163",2023-08-14,10,0,0
"1164",2023-08-14,11,0,0
"1165",2023-08-14,12,0,0
"1166",2023-08-14,13,0,0
"1167",2023-08-14,14,0,0
"1168",2023-08-14,15,0,0
"1169",2023-08-14,16,0,0
"1170",2023-08-14,17,0,0
"1171",2023-08-14,18,0,0
"1172",2023-08-14,19,0,0
"1173",2023-08-14,20,0,0
"1174",2023-08-14,21,0,0
"1175",2023-08-14,22,0,1
"1176",2023-08-14,23,0,0
"1177",2023-08-15,0,0,0
"1178",2023-08-15,1,0,0
"1179",2023-08-15,2,0,0
"1180",2023-08-15,3,0,0
"1181",2023-08-15,4,0,0
"1182",2023-08-15,5,0,0
"1183",2023-08-15,6,0,0
"1184",2023-08-15,7,0,0
"1185",2023-08-15,8,0,0
"1186",2023-08-15,9,0,0
"1187",2023-08-15,10,0,0
"1188",2023-08-15,11,0,0
"1189",2023-08-15,12,0,0
"1190",2023-08-15,13,0,0
"1191",2023-08-15,14,0,0
"1192",2023-08-15,15,0,0
"1193",2023-08-15,16,0,0
"1194",2023-08-15,17,0,0
"1195",2023-08-15,18,0,0
"1196",2023-08-15,19,0,0
"1197",2023-08-15,20,0,0
"1198",2023-08-15,21,0,0
"1199",2023-08-15,22,0,0
"1200",2023-08-15,23,0,0
"1201",2023-08-16,0,0,0
"1202",2023-08-16,1,0,0
"1203",2023-08-16,2,0,0
"1204",2023-08-16,3,0,0
"1205",2023-08-16,4,0,0
"1206",2023-08-16,5,0,0
"1207",2023-08-16,6,0,0
"1208",2023-08-16,7,0,0
"1209",2023-08-16,8,0,1
"1210",2023-08-16,9,0,0
"1211",2023-08-16,10,0,0
"1212",2023-08-16,11,0,0
"1213",2023-08-16,12,0,0
"1214",2023-08-16,13,0,0
"1215",2023-08-16,14,0,0
"1216",2023-08-16,15,0,0
"1217",2023-08-16,16,0,0
"1218",2023-08-16,17,0,0
"1219",2023-08-16,18,0,0
"1220",2023-08-16,19,0,0
"1221",2023-08-16,20,0,0
"1222",2023-08-16,21,0,0
"1223",2023-08-16,22,0,0
"1224",2023-08-16,23,0,0
"1225",2023-08-17,0,0,0
"1226",2023-08-17,1,0,0
"1227",2023-08-17,2,0,0
"1228",2023-08-17,3,0,0
"1229",2023-08-17,4,0,0
"1230",2023-08-17,5,0,0
"1231",2023-08-17,6,0,0
"1232",2023-08-17,7,0,0
"1233",2023-08-17,8,0,0
"1234",2023-08-17,9,0,0
"1235",2023-08-17,10,0,0
"1236",2023-08-17,11,0,0
"1237",2023-08-17,12,0,0
"1238",2023-08-17,13,0,0
"1239",2023-08-17,14,0,0
"1240",2023-08-17,15,0,0
"1241",2023-08-17,16,0,0
"1242",2023-08-17,17,0,0
"1243",2023-08-17,18,0,0
"1244",2023-08-17,19,0,0
"1245",2023-08-17,20,0,0
"1246",2023-08-17,21,0,0
"1247",2023-08-17,22,0,0
"1248",2023-08-17,23,0,0
"1249",2023-08-18,0,0,0
"1250",2023-08-18,1,0,0
"1251",2023-08-18,2,0,0
"1252",2023-08-18,3,0,0
"1253",2023-08-18,4,0,0
"1254",2023-08-18,5,0,0
"1255",2023-08-18,6,0,0
"1256",2023-08-18,7,0,0
"1257",2023-08-18,8,0,0
"1258",2023-08-18,9,0,0
"1259",2023-08-18,10,0,0
"1260",2023-08-18,11,0,0
"1261",2023-08-18,12,0,0
"1262",2023-08-18,13,0,1
"1263",2023-08-18,14,0,0
"1264",2023-08-18,15,0,0
"1265",2023-08-18,16,0,0
"1266",2023-08-18,17,0,0
"1267",2023-08-18,18,0,0
"1268",2023-08-18,19,0,0
"1269",2023-08-18,20,0,0
"1270",2023-08-18,21,0,0
"1271",2023-08-18,22,0,0
"1272",2023-08-18,23,0,0
"1273",2023-08-19,0,0,0
"1274",2023-08-19,1,0,0
"1275",2023-08-19,2,0,0
"1276",2023-08-19,3,0,0
"1277",2023-08-19,4,0,0
"1278",2023-08-19,5,0,0
"1279",2023-08-19,6,0,0
"1280",2023-08-19,7,0,0
"1281",2023-08-19,8,0,0
"1282",2023-08-19,9,0,0
"1283",2023-08-19,10,0,0
"1284",2023-08-19,11,0,0
"1285",2023-08-19,12,0,0
"1286",2023-08-19,13,0,0
"1287",2023-08-19,14,0,0
"1288",2023-08-19,15,0,0
"1289",2023-08-19,16,0,0
"1290",2023-08-19,17,0,0
"1291",2023-08-19,18,0,0
"1292",2023-08-19,19,0,0
"1293",2023-08-19,20,0,0
"1294",2023-08-19,21,0,0
"1295",2023-08-19,22,0,0
"1296",2023-08-19,23,0,0
"1297",2023-08-20,0,0,0
"1298",2023-08-20,1,0,0
"1299",2023-08-20,2,0,0
"1300",2023-08-20,3,0,0
"1301",2023-08-20,4,0,0
"1302",2023-08-20,5,0,0
"1303",2023-08-20,6,0,0
"1304",2023-08-20,7,0,0
"1305",2023-08-20,8,0,0
"1306",2023-08-20,9,0,0
"1307",2023-08-20,10,0,0
"1308",2023-08-20,11,0,0
"1309",2023-08-20,12,0,0
"1310",2023-08-20,13,0,0
"1311",2023-08-20,14,0,0
"1312",2023-08-20,15,0,0
"1313",2023-08-20,16,0,0
"1314",2023-08-20,17,0,0
"1315",2023-08-20,18,0,0
"1316",2023-08-20,19,0,0
"1317",2023-08-20,20,0,0
"1318",2023-08-20,21,0,0
"1319",2023-08-20,22,0,0
"1320",2023-08-20,23,0,0
"1321",2023-08-21,0,0,0
"1322",2023-08-21,1,0,0
"1323",2023-08-21,2,0,0
"1324",2023-08-21,3,0,0
"1325",2023-08-21,4,0,0
"1326",2023-08-21,5,0,0
"1327",2023-08-21,6,0,0
"1328",2023-08-21,7,0,0
"1329",2023-08-21,8,0,0
"1330",2023-08-21,9,0,0
"1331",2023-08-21,10,0,0
"1332",2023-08-21,11,0,0
"1333",2023-08-21,12,0,0
"1334",2023-08-21,13,0,0
"1335",2023-08-21,14,0,0
"1336",2023-08-21,15,0,0
"1337",2023-08-21,16,0,0
"1338",2023-08-21,17,0,0
"1339",2023-08-21,18,0,0
"1340",2023-08-21,19,0,0
"1341",2023-08-21,20,0,0
"1342",2023-08-21,21,0,0
"1343",2023-08-21,22,0,0
"1344",2023-08-21,23,0,0
"1345",2023-08-22,0,0,0
"1346",2023-08-22,1,0,0
"1347",2023-08-22,2,0,0
"1348",2023-08-22,3,0,0
"1349",2023-08-22,4,0,0
"1350",2023-08-22,5,0,0
"1351",2023-08-22,6,0,0
"1352",2023-08-22,7,0,0
"1353",2023-08-22,8,0,0
"1354",2023-08-22,9,0,0
"1355",2023-08-22,10,0,0
"1356",2023-08-22,11,0,0
"1357",2023-08-22,12,0,0
"1358",2023-08-22,13,0,0
"1359",2023-08-22,14,0,0
"1360",2023-08-22,15,0,0
"1361",2023-08-22,16,0,0
"1362",2023-08-22,17,0,0
"1363",2023-08-22,18,0,0
"1364",2023-08-22,19,0,0
"1365",2023-08-22,20,0,0
"1366",2023-08-22,21,0,0
"1367",2023-08-22,22,0,0
"1368",2023-08-22,23,0,0
"1369",2023-08-23,0,0,0
"1370",2023-08-23,1,0,0
"1371",2023-08-23,2,0,0
"1372",2023-08-23,3,0,0
"1373",2023-08-23,4,0,0
"1374",2023-08-23,5,0,0
"1375",2023-08-23,6,0,0
"1376",2023-08-23,7,0,0
"1377",2023-08-23,8,0,0
"1378",2023-08-23,9,0,0
"1379",2023-08-23,10,0,0
"1380",2023-08-23,11,0,0
"1381",2023-08-23,12,0,0
"1382",2023-08-23,13,0,0
"1383",2023-08-23,14,0,0
"1384",2023-08-23,15,0,0
"1385",2023-08-23,16,0,0
"1386",2023-08-23,17,0,0
"1387",2023-08-23,18,0,0
"1388",2023-08-23,19,0,1
"1389",2023-08-23,20,0,0
"1390",2023-08-23,21,0,0
"1391",2023-08-23,22,0,0
"1392",2023-08-23,23,0,0
"1393",2023-08-24,0,0,0
"1394",2023-08-24,1,0,0
"1395",2023-08-24,2,0,0
"1396",2023-08-24,3,0,0
"1397",2023-08-24,4,0,0
"1398",2023-08-24,5,0,0
"1399",2023-08-24,6,0,0
"1400",2023-08-24,7,0,0
"1401",2023-08-24,8,0,0
"1402",2023-08-24,9,0,0
"1403",2023-08-24,10,0,0
"1404",2023-08-24,11,0,0
"1405",2023-08-24,12,0,0
"1406",2023-08-24,13,0,0
"1407",2023-08-24,14,0,0
"1408",2023-08-24,15,0,1
"1409",2023-08-24,16,0,0
"1410",2023-08-24,17,0,1
"1411",2023-08-24,18,0,0
"1412",2023-08-24,19,0,0
"1413",2023-08-24,20,0,1
"1414",2023-08-24,21,0,0
"1415",2023-08-24,22,0,0
"1416",2023-08-24,23,0,0
"1417",2023-08-25,0,0,0
"1418",2023-08-25,1,0,0
"1419",2023-08-25,2,0,0
"1420",2023-08-25,3,0,0
"1421",2023-08-25,4,0,0
"1422",2023-08-25,5,0,0
"1423",2023-08-25,6,0,0
"1424",2023-08-25,7,0,0
"1425",2023-08-25,8,0,0
"1426",2023-08-25,9,0,1
"1427",2023-08-25,10,0,0
"1428",2023-08-25,11,0,0
"1429",2023-08-25,12,0,0
"1430",2023-08-25,13,0,0
"1431",2023-08-25,14,0,0
"1432",2023-08-25,15,0,0
"1433",2023-08-25,16,0,0
"1434",2023-08-25,17,0,1
"1435",2023-08-25,18,0,0
"1436",2023-08-25,19,0,0
"1437",2023-08-25,20,0,0
"1438",2023-08-25,21,0,0
"1439",2023-08-25,22,0,0
"1440",2023-08-25,23,0,0
"1441",2023-08-26,0,0,0
"1442",2023-08-26,1,0,0
"1443",2023-08-26,2,0,0
"1444",2023-08-26,3,0,0
"1445",2023-08-26,4,0,0
"1446",2023-08-26,5,0,0
"1447",2023-08-26,6,0,1
"1448",2023-08-26,7,0,0
"1449",2023-08-26,8,0,0
"1450",2023-08-26,9,0,0
"1451",2023-08-26,10,0,0
"1452",2023-08-26,11,0,0
"1453",2023-08-26,12,0,0
"1454",2023-08-26,13,0,0
"1455",2023-08-26,14,0,0
"1456",2023-08-26,15,0,0
"1457",2023-08-26,16,0,0
"1458",2023-08-26,17,0,0
"1459",2023-08-26,18,0,0
"1460",2023-08-26,19,0,0
"1461",2023-08-26,20,0,0
"1462",2023-08-26,21,0,0
"1463",2023-08-26,22,0,0
"1464",2023-08-26,23,0,0
"1465",2023-08-27,0,0,0
"1466",2023-08-27,1,0,0
"1467",2023-08-27,2,0,0
"1468",2023-08-27,3,0,0
"1469",2023-08-27,4,0,0
"1470",2023-08-27,5,0,0
"1471",2023-08-27,6,0,0
"1472",2023-08-27,7,0,0
"1473",2023-08-27,8,0,0
"1474",2023-08-27,9,0,0
"1475",2023-08-27,10,0,0
"1476",2023-08-27,11,0,0
"1477",2023-08-27,12,0,0
"1478",2023-08-27,13,0,0
"1479",2023-08-27,14,0,0
"1480",2023-08-27,15,0,0
"1481",2023-08-27,16,0,0
"1482",2023-08-27,17,0,0
"1483",2023-08-27,18,0,0
"1484",2023-08-27,19,0,0
"1485",2023-08-27,20,0,0
"1486",2023-08-27,21,0,0
"1487",2023-08-27,22,0,0
"1488",2023-08-27,23,0,0
"1489",2023-08-28,0,0,0
"1490",2023-08-28,1,0,0
"1491",2023-08-28,2,0,0
"1492",2023-08-28,3,0,0
"1493",2023-08-28,4,0,0
"1494",2023-08-28,5,0,0
"1495",2023-08-28,6,0,0
"1496",2023-08-28,7,0,0
"1497",2023-08-28,8,0,0
"1498",2023-08-28,9,0,0
"1499",2023-08-28,10,0,0
"1500",2023-08-28,11,0,0
"1501",2023-08-28,12,0,0
"1502",2023-08-28,13,0,0
"1503",2023-08-28,14,0,0
"1504",2023-08-28,15,0,0
"1505",2023-08-28,16,0,0
"1506",2023-08-28,17,0,0
"1507",2023-08-28,18,0,0
"1508",2023-08-28,19,0,0
"1509",2023-08-28,20,0,0
"1510",2023-08-28,21,0,0
"1511",2023-08-28,22,0,0
"1512",2023-08-28,23,0,0
"1513",2023-08-29,0,0,0
"1514",2023-08-29,1,0,0
"1515",2023-08-29,2,0,0
"1516",2023-08-29,3,0,0
"1517",2023-08-29,4,0,0
"1518",2023-08-29,5,0,0
"1519",2023-08-29,6,0,0
"1520",2023-08-29,7,0,0
"1521",2023-08-29,8,0,0
"1522",2023-08-29,9,0,0
"1523",2023-08-29,10,0,0
"1524",2023-08-29,11,0,0
"1525",2023-08-29,12,0,0
"1526",2023-08-29,13,0,0
"1527",2023-08-29,14,0,0
"1528",2023-08-29,15,0,0
"1529",2023-08-29,16,0,0
"1530",2023-08-29,17,0,0
"1531",2023-08-29,18,0,0
"1532",2023-08-29,19,0,0
"1533",2023-08-29,20,0,0
"1534",2023-08-29,21,0,0
"1535",2023-08-29,22,0,0
"1536",2023-08-29,23,0,0
"1537",2023-08-30,0,0,0
"1538",2023-08-30,1,0,0
"1539",2023-08-30,2,0,0
"1540",2023-08-30,3,0,0
"1541",2023-08-30,4,0,0
"1542",2023-08-30,5,1,0
"1543",2023-08-30,6,0,0
"1544",2023-08-30,7,0,0
"1545",2023-08-30,8,0,0
"1546",2023-08-30,9,0,0
"1547",2023-08-30,10,0,0
"1548",2023-08-30,11,0,0
"1549",2023-08-30,12,0,0
"1550",2023-08-30,13,0,0
"1551",2023-08-30,14,0,0
"1552",2023-08-30,15,0,0
"1553",2023-08-30,16,0,0
"1554",2023-08-30,17,0,0
"1555",2023-08-30,18,0,0
"1556",2023-08-30,19,0,0
"1557",2023-08-30,20,0,0
"1558",2023-08-30,21,0,0
"1559",2023-08-30,22,0,0
"1560",2023-08-30,23,0,1
"1561",2023-08-31,0,0,0
"1562",2023-08-31,1,0,0
"1563",2023-08-31,2,0,0
"1564",2023-08-31,3,0,0
"1565",2023-08-31,4,0,0
"1566",2023-08-31,5,0,0
"1567",2023-08-31,6,0,1
"1568",2023-08-31,7,0,0
"1569",2023-08-31,8,0,0
"1570",2023-08-31,9,1,0
"1571",2023-08-31,10,0,0
"1572",2023-08-31,11,0,0
"1573",2023-08-31,12,0,1
"1574",2023-08-31,13,0,0
"1575",2023-08-31,14,0,0
"1576",2023-08-31,15,0,0
"1577",2023-08-31,16,0,0
"1578",2023-08-31,17,0,0
"1579",2023-08-31,18,0,0
"1580",2023-08-31,19,0,0
"1581",2023-08-31,20,0,0
"1582",2023-08-31,21,0,0
"1583",2023-08-31,22,0,0
"1584",2023-08-31,23,0,1
"1585",2023-09-01,0,0,0
"1586",2023-09-01,1,0,0
"1587",2023-09-01,2,0,0
"1588",2023-09-01,3,0,0
"1589",2023-09-01,4,1,0
"1590",2023-09-01,5,0,0
"1591",2023-09-01,6,0,0
"1592",2023-09-01,7,0,0
"1593",2023-09-01,8,0,0
"1594",2023-09-01,9,0,0
"1595",2023-09-01,10,0,0
"1596",2023-09-01,11,0,0
"1597",2023-09-01,12,0,0
"1598",2023-09-01,13,0,0
"1599",2023-09-01,14,0,0
"1600",2023-09-01,15,0,1
"1601",2023-09-01,16,0,0
"1602",2023-09-01,17,0,0
"1603",2023-09-01,18,0,0
"1604",2023-09-01,19,0,0
"1605",2023-09-01,20,0,0
"1606",2023-09-01,21,0,0
"1607",2023-09-01,22,0,0
"1608",2023-09-01,23,0,0
"1609",2023-09-02,0,0,0
"1610",2023-09-02,1,0,0
"1611",2023-09-02,2,0,0
"1612",2023-09-02,3,0,0
"1613",2023-09-02,4,0,0
"1614",2023-09-02,5,0,0
"1615",2023-09-02,6,0,0
"1616",2023-09-02,7,0,0
"1617",2023-09-02,8,0,0
"1618",2023-09-02,9,0,0
"1619",2023-09-02,10,0,0
"1620",2023-09-02,11,0,0
"1621",2023-09-02,12,0,0
"1622",2023-09-02,13,0,0
"1623",2023-09-02,14,0,1
"1624",2023-09-02,15,0,0
"1625",2023-09-02,16,0,0
"1626",2023-09-02,17,0,0
"1627",2023-09-02,18,0,0
"1628",2023-09-02,19,0,0
"1629",2023-09-02,20,0,0
"1630",2023-09-02,21,0,0
"1631",2023-09-02,22,0,0
"1632",2023-09-02,23,0,0
"1633",2023-09-03,0,0,0
"1634",2023-09-03,1,0,0
"1635",2023-09-03,2,0,0
"1636",2023-09-03,3,0,0
"1637",2023-09-03,4,0,0
"1638",2023-09-03,5,0,0
"1639",2023-09-03,6,0,0
"1640",2023-09-03,7,0,0
"1641",2023-09-03,8,0,0
"1642",2023-09-03,9,0,0
"1643",2023-09-03,10,0,0
"1644",2023-09-03,11,0,0
"1645",2023-09-03,12,0,0
"1646",2023-09-03,13,0,0
"1647",2023-09-03,14,0,0
"1648",2023-09-03,15,0,0
"1649",2023-09-03,16,0,1
"1650",2023-09-03,17,0,0
"1651",2023-09-03,18,0,0
"1652",2023-09-03,19,0,1
"1653",2023-09-03,20,0,0
"1654",2023-09-03,21,0,0
"1655",2023-09-03,22,0,0
"1656",2023-09-03,23,0,0
"1657",2023-09-04,0,0,0
"1658",2023-09-04,1,0,0
"1659",2023-09-04,2,0,0
"1660",2023-09-04,3,0,0
"1661",2023-09-04,4,0,0
"1662",2023-09-04,5,0,0
"1663",2023-09-04,6,0,0
"1664",2023-09-04,7,0,0
"1665",2023-09-04,8,0,0
"1666",2023-09-04,9,0,0
"1667",2023-09-04,10,0,0
"1668",2023-09-04,11,0,0
"1669",2023-09-04,12,0,0
"1670",2023-09-04,13,0,0
"1671",2023-09-04,14,0,0
"1672",2023-09-04,15,0,0
"1673",2023-09-04,16,0,0
"1674",2023-09-04,17,0,0
"1675",2023-09-04,18,0,0
"1676",2023-09-04,19,0,0
"1677",2023-09-04,20,0,0
"1678",2023-09-04,21,0,0
"1679",2023-09-04,22,0,0
"1680",2023-09-04,23,0,0
"1681",2023-09-05,0,0,0
"1682",2023-09-05,1,0,0
"1683",2023-09-05,2,0,0
"1684",2023-09-05,3,0,0
"1685",2023-09-05,4,0,1
"1686",2023-09-05,5,0,0
"1687",2023-09-05,6,0,0
"1688",2023-09-05,7,0,0
"1689",2023-09-05,8,0,0
"1690",2023-09-05,9,0,0
"1691",2023-09-05,10,0,0
"1692",2023-09-05,11,0,0
"1693",2023-09-05,12,0,0
"1694",2023-09-05,13,0,0
"1695",2023-09-05,14,0,0
"1696",2023-09-05,15,0,0
"1697",2023-09-05,16,0,0
"1698",2023-09-05,17,0,0
"1699",2023-09-05,18,0,0
"1700",2023-09-05,19,0,0
"1701",2023-09-05,20,0,0
"1702",2023-09-05,21,0,0
"1703",2023-09-05,22,0,0
"1704",2023-09-05,23,0,0
